timestamp,source,record_type,metric,value,label,message
2025-03-31 10:00:05,UNKNOWN,SNMP_TRAP,trap,,,"1.3.6.1.2.1.1.3.0 = 148 | 1.3.6.1.6.3.1.1.4.1.0 = 1.3.6.1.6.3.1.1.5.1 | 1.3.6.1.6.3.18.1.3.0 = 1.0.0.4 | 1.3.6.1.6.3.18.1.4.0 = public | 1.3.6.1.6.3.1.1.4.3.0 = 1.3.6.1.6.3.1.1.5 | 1.3.6.1.2.1.1.3.0 = 147 | 1.3.6.1.4.1.9.2.1.2.0 = unknown reload cause - suspect boot_data[BOOT_COUNT] 0x0, BOOT_COUNT 0, BOOTDATA 19"
2025-03-31 10:00:05,UNKNOWN,SNMP_TRAP,trap,,,1.3.6.1.2.1.1.3.0 = 153 | 1.3.6.1.6.3.1.1.4.1.0 = 1.3.6.1.2.1.47.2.0.1 | 1.3.6.1.6.3.18.1.3.0 = 1.0.0.4 | 1.3.6.1.6.3.18.1.4.0 = public | 1.3.6.1.6.3.1.1.4.3.0 = 1.3.6.1.2.1.47.2 | 1.3.6.1.2.1.47.1.4.1.0 = 152
2025-03-31 10:00:06,UNKNOWN,SNMP_TRAP,trap,,,"1.3.6.1.2.1.1.3.0 = 148 | 1.3.6.1.6.3.1.1.4.1.0 = 1.3.6.1.6.3.1.1.5.1 | 1.3.6.1.6.3.18.1.3.0 = 1.0.0.4 | 1.3.6.1.6.3.18.1.4.0 = public | 1.3.6.1.6.3.1.1.4.3.0 = 1.3.6.1.6.3.1.1.5 | 1.3.6.1.2.1.1.3.0 = 147 | 1.3.6.1.4.1.9.2.1.2.0 = unknown reload cause - suspect boot_data[BOOT_COUNT] 0x0, BOOT_COUNT 0, BOOTDATA 19"
2025-03-31 10:00:06,UNKNOWN,SNMP_TRAP,trap,,,1.3.6.1.2.1.1.3.0 = 153 | 1.3.6.1.6.3.1.1.4.1.0 = 1.3.6.1.6.3.1.1.5.4 | 1.3.6.1.6.3.18.1.3.0 = 1.0.0.4 | 1.3.6.1.6.3.18.1.4.0 = public | 1.3.6.1.6.3.1.1.4.3.0 = 1.3.6.1.6.3.1.1.5 | 1.3.6.1.2.1.2.2.1.1.5 = 5 | 1.3.6.1.2.1.2.2.1.2.5 = VoIP-Null0 | 1.3.6.1.2.1.2.2.1.3.5 = 1 | 1.3.6.1.4.1.9.2.2.1.1.20.5 = up
2025-03-31 10:00:07,UNKNOWN,SNMP_TRAP,trap,,,"1.3.6.1.2.1.1.3.0 = 262 | 1.3.6.1.6.3.1.1.4.1.0 = 1.3.6.1.4.1.9.9.41.2.0.1 | 1.3.6.1.6.3.18.1.3.0 = 1.0.0.4 | 1.3.6.1.6.3.18.1.4.0 = public | 1.3.6.1.6.3.1.1.4.3.0 = 1.3.6.1.4.1.9.9.41.2 | 1.3.6.1.4.1.9.9.41.1.2.3.1.2.1 = LINK | 1.3.6.1.4.1.9.9.41.1.2.3.1.3.1 = 4 | 1.3.6.1.4.1.9.9.41.1.2.3.1.4.1 = UPDOWN | 1.3.6.1.4.1.9.9.41.1.2.3.1.5.1 = Interface FastEthernet0/0, changed state to up | 1.3.6.1.4.1.9.9.41.1.2.3.1.6.1 = 260"
2025-03-31 10:00:07,UNKNOWN,SNMP_TRAP,trap,,,"1.3.6.1.2.1.1.3.0 = 265 | 1.3.6.1.6.3.1.1.4.1.0 = 1.3.6.1.4.1.9.9.41.2.0.1 | 1.3.6.1.6.3.18.1.3.0 = 1.0.0.4 | 1.3.6.1.6.3.18.1.4.0 = public | 1.3.6.1.6.3.1.1.4.3.0 = 1.3.6.1.4.1.9.9.41.2 | 1.3.6.1.4.1.9.9.41.1.2.3.1.2.2 = LINK | 1.3.6.1.4.1.9.9.41.1.2.3.1.3.2 = 4 | 1.3.6.1.4.1.9.9.41.1.2.3.1.4.2 = UPDOWN | 1.3.6.1.4.1.9.9.41.1.2.3.1.5.2 = Interface FastEthernet1/0, changed state to up | 1.3.6.1.4.1.9.9.41.1.2.3.1.6.2 = 263"
2025-03-31 10:00:08,UNKNOWN,SNMP_TRAP,trap,,,"1.3.6.1.2.1.1.3.0 = 268 | 1.3.6.1.6.3.1.1.4.1.0 = 1.3.6.1.4.1.9.9.41.2.0.1 | 1.3.6.1.6.3.18.1.3.0 = 1.0.0.4 | 1.3.6.1.6.3.18.1.4.0 = public | 1.3.6.1.6.3.1.1.4.3.0 = 1.3.6.1.4.1.9.9.41.2 | 1.3.6.1.4.1.9.9.41.1.2.3.1.2.3 = LINK | 1.3.6.1.4.1.9.9.41.1.2.3.1.3.3 = 4 | 1.3.6.1.4.1.9.9.41.1.2.3.1.4.3 = UPDOWN | 1.3.6.1.4.1.9.9.41.1.2.3.1.5.3 = Interface FastEthernet2/0, changed state to up | 1.3.6.1.4.1.9.9.41.1.2.3.1.6.3 = 263"
2025-03-31 10:00:08,UNKNOWN,SNMP_TRAP,trap,,,1.3.6.1.2.1.1.3.0 = 360 | 1.3.6.1.6.3.1.1.4.1.0 = 1.3.6.1.6.3.1.1.5.4 | 1.3.6.1.6.3.18.1.3.0 = 1.0.0.4 | 1.3.6.1.6.3.18.1.4.0 = public | 1.3.6.1.6.3.1.1.4.3.0 = 1.3.6.1.6.3.1.1.5 | 1.3.6.1.2.1.2.2.1.1.1 = 1 | 1.3.6.1.2.1.2.2.1.2.1 = FastEthernet0/0 | 1.3.6.1.2.1.2.2.1.3.1 = 6 | 1.3.6.1.4.1.9.2.2.1.1.20.1 = up
2025-03-31 10:00:09,UNKNOWN,SNMP_TRAP,trap,,,1.3.6.1.2.1.1.3.0 = 364 | 1.3.6.1.6.3.1.1.4.1.0 = 1.3.6.1.6.3.1.1.5.4 | 1.3.6.1.6.3.18.1.3.0 = 1.0.0.4 | 1.3.6.1.6.3.18.1.4.0 = public | 1.3.6.1.6.3.1.1.4.3.0 = 1.3.6.1.6.3.1.1.5 | 1.3.6.1.2.1.2.2.1.1.2 = 2 | 1.3.6.1.2.1.2.2.1.2.2 = FastEthernet1/0 | 1.3.6.1.2.1.2.2.1.3.2 = 6 | 1.3.6.1.4.1.9.2.2.1.1.20.2 = up
2025-03-31 10:00:10,UNKNOWN,SNMP_TRAP,trap,,,1.3.6.1.2.1.1.3.0 = 364 | 1.3.6.1.6.3.1.1.4.1.0 = 1.3.6.1.6.3.1.1.5.4 | 1.3.6.1.6.3.18.1.3.0 = 1.0.0.4 | 1.3.6.1.6.3.18.1.4.0 = public | 1.3.6.1.6.3.1.1.4.3.0 = 1.3.6.1.6.3.1.1.5 | 1.3.6.1.2.1.2.2.1.1.3 = 3 | 1.3.6.1.2.1.2.2.1.2.3 = FastEthernet2/0 | 1.3.6.1.2.1.2.2.1.3.3 = 6 | 1.3.6.1.4.1.9.2.2.1.1.20.3 = up
2025-03-31 10:00:10,UNKNOWN,SNMP_TRAP,trap,,,1.3.6.1.2.1.1.3.0 = 365 | 1.3.6.1.6.3.1.1.4.1.0 = 1.3.6.1.6.3.1.1.5.3 | 1.3.6.1.6.3.18.1.3.0 = 1.0.0.4 | 1.3.6.1.6.3.18.1.4.0 = public | 1.3.6.1.6.3.1.1.4.3.0 = 1.3.6.1.6.3.1.1.5 | 1.3.6.1.2.1.2.2.1.1.4 = 4 | 1.3.6.1.2.1.2.2.1.2.4 = FastEthernet3/0 | 1.3.6.1.2.1.2.2.1.3.4 = 6 | 1.3.6.1.4.1.9.2.2.1.1.20.4 = administratively down
2025-03-31 10:00:10,UNKNOWN,SNMP_TRAP,trap,,,1.3.6.1.2.1.1.3.0 = 652 | 1.3.6.1.6.3.1.1.4.1.0 = 1.3.6.1.2.1.47.2.0.1 | 1.3.6.1.6.3.18.1.3.0 = 1.0.0.4 | 1.3.6.1.6.3.18.1.4.0 = public | 1.3.6.1.6.3.1.1.4.3.0 = 1.3.6.1.2.1.47.2 | 1.3.6.1.2.1.47.1.4.1.0 = 152
2025-03-31 10:06:50,UNKNOWN,SNMP_TRAP,trap,,,1.3.6.1.2.1.1.3.0 = 50538 | 1.3.6.1.6.3.1.1.4.1.0 = 1.3.6.1.4.1.9.9.43.2.0.1 | 1.3.6.1.6.3.18.1.3.0 = 1.0.0.4 | 1.3.6.1.6.3.18.1.4.0 = public | 1.3.6.1.6.3.1.1.4.3.0 = 1.3.6.1.4.1.9.9.43.2 | 1.3.6.1.4.1.9.9.43.1.1.6.1.3.2 = 1 | 1.3.6.1.4.1.9.9.43.1.1.6.1.4.2 = 2 | 1.3.6.1.4.1.9.9.43.1.1.6.1.5.2 = 3
2025-03-31 10:06:51,UNKNOWN,SNMP_TRAP,trap,,,1.3.6.1.2.1.1.3.0 = 50656 | 1.3.6.1.6.3.1.1.4.1.0 = 1.3.6.1.4.1.9.9.43.2.0.1 | 1.3.6.1.6.3.18.1.3.0 = 1.0.0.4 | 1.3.6.1.6.3.18.1.4.0 = public | 1.3.6.1.6.3.1.1.4.3.0 = 1.3.6.1.4.1.9.9.43.2 | 1.3.6.1.4.1.9.9.43.1.1.6.1.3.3 = 1 | 1.3.6.1.4.1.9.9.43.1.1.6.1.4.3 = 3 | 1.3.6.1.4.1.9.9.43.1.1.6.1.5.3 = 4
2025-03-31 10:06:54,UNKNOWN,SNMP_TRAP,trap,,,1.3.6.1.2.1.1.3.0 = 50879 | 1.3.6.1.6.3.1.1.4.1.0 = 1.3.6.1.6.3.1.1.5.3 | 1.3.6.1.6.3.18.1.3.0 = 1.0.0.4 | 1.3.6.1.6.3.18.1.4.0 = public | 1.3.6.1.6.3.1.1.4.3.0 = 1.3.6.1.6.3.1.1.5 | 1.3.6.1.2.1.2.2.1.1.3 = 3 | 1.3.6.1.2.1.2.2.1.2.3 = FastEthernet2/0 | 1.3.6.1.2.1.2.2.1.3.3 = 6 | 1.3.6.1.4.1.9.2.2.1.1.20.3 = administratively down
2025-03-31 10:07:24,UNKNOWN,SNMP_TRAP,trap,,,1.3.6.1.2.1.1.3.0 = 53880 | 1.3.6.1.6.3.1.1.4.1.0 = 1.3.6.1.4.1.9.9.43.2.0.1 | 1.3.6.1.6.3.18.1.3.0 = 1.0.0.4 | 1.3.6.1.6.3.18.1.4.0 = public | 1.3.6.1.6.3.1.1.4.3.0 = 1.3.6.1.4.1.9.9.43.2 | 1.3.6.1.4.1.9.9.43.1.1.6.1.3.4 = 1 | 1.3.6.1.4.1.9.9.43.1.1.6.1.4.4 = 2 | 1.3.6.1.4.1.9.9.43.1.1.6.1.5.4 = 3
2025-03-31 10:07:25,UNKNOWN,SNMP_TRAP,trap,,,1.3.6.1.2.1.1.3.0 = 54021 | 1.3.6.1.6.3.1.1.4.1.0 = 1.3.6.1.4.1.9.9.43.2.0.1 | 1.3.6.1.6.3.18.1.3.0 = 1.0.0.4 | 1.3.6.1.6.3.18.1.4.0 = public | 1.3.6.1.6.3.1.1.4.3.0 = 1.3.6.1.4.1.9.9.43.2 | 1.3.6.1.4.1.9.9.43.1.1.6.1.3.5 = 1 | 1.3.6.1.4.1.9.9.43.1.1.6.1.4.5 = 3 | 1.3.6.1.4.1.9.9.43.1.1.6.1.5.5 = 4
2025-03-31 10:07:26,UNKNOWN,SNMP_TRAP,trap,,,"1.3.6.1.2.1.1.3.0 = 54148 | 1.3.6.1.6.3.1.1.4.1.0 = 1.3.6.1.4.1.9.9.41.2.0.1 | 1.3.6.1.6.3.18.1.3.0 = 1.0.0.4 | 1.3.6.1.6.3.18.1.4.0 = public | 1.3.6.1.6.3.1.1.4.3.0 = 1.3.6.1.4.1.9.9.41.2 | 1.3.6.1.4.1.9.9.41.1.2.3.1.2.4 = LINK | 1.3.6.1.4.1.9.9.41.1.2.3.1.3.4 = 4 | 1.3.6.1.4.1.9.9.41.1.2.3.1.4.4 = UPDOWN | 1.3.6.1.4.1.9.9.41.1.2.3.1.5.4 = Interface FastEthernet2/0, changed state to up | 1.3.6.1.4.1.9.9.41.1.2.3.1.6.4 = 54146"
2025-03-31 10:07:27,UNKNOWN,SNMP_TRAP,trap,,,1.3.6.1.2.1.1.3.0 = 54246 | 1.3.6.1.6.3.1.1.4.1.0 = 1.3.6.1.6.3.1.1.5.4 | 1.3.6.1.6.3.18.1.3.0 = 1.0.0.4 | 1.3.6.1.6.3.18.1.4.0 = public | 1.3.6.1.6.3.1.1.4.3.0 = 1.3.6.1.6.3.1.1.5 | 1.3.6.1.2.1.2.2.1.1.3 = 3 | 1.3.6.1.2.1.2.2.1.2.3 = FastEthernet2/0 | 1.3.6.1.2.1.2.2.1.3.3 = 6 | 1.3.6.1.4.1.9.2.2.1.1.20.3 = up
2025-03-31 10:37:31,UNKNOWN,SNMP_TRAP,trap,,,1.3.6.1.2.1.1.3.0 = 233285 | 1.3.6.1.6.3.1.1.4.1.0 = 1.3.6.1.4.1.9.9.43.2.0.1 | 1.3.6.1.6.3.18.1.3.0 = 1.0.0.4 | 1.3.6.1.6.3.18.1.4.0 = public | 1.3.6.1.6.3.1.1.4.3.0 = 1.3.6.1.4.1.9.9.43.2 | 1.3.6.1.4.1.9.9.43.1.1.6.1.3.6 = 1 | 1.3.6.1.4.1.9.9.43.1.1.6.1.4.6 = 2 | 1.3.6.1.4.1.9.9.43.1.1.6.1.5.6 = 3
2025-03-31 10:37:32,UNKNOWN,SNMP_TRAP,trap,,,1.3.6.1.2.1.1.3.0 = 233372 | 1.3.6.1.6.3.1.1.4.1.0 = 1.3.6.1.4.1.9.9.43.2.0.1 | 1.3.6.1.6.3.18.1.3.0 = 1.0.0.4 | 1.3.6.1.6.3.18.1.4.0 = public | 1.3.6.1.6.3.1.1.4.3.0 = 1.3.6.1.4.1.9.9.43.2 | 1.3.6.1.4.1.9.9.43.1.1.6.1.3.7 = 1 | 1.3.6.1.4.1.9.9.43.1.1.6.1.4.7 = 3 | 1.3.6.1.4.1.9.9.43.1.1.6.1.5.7 = 4
2025-03-31 10:37:32,UNKNOWN,SNMP_TRAP,trap,,,1.3.6.1.2.1.1.3.0 = 233594 | 1.3.6.1.6.3.1.1.4.1.0 = 1.3.6.1.6.3.1.1.5.3 | 1.3.6.1.6.3.18.1.3.0 = 1.0.0.4 | 1.3.6.1.6.3.18.1.4.0 = public | 1.3.6.1.6.3.1.1.4.3.0 = 1.3.6.1.6.3.1.1.5 | 1.3.6.1.2.1.2.2.1.1.2 = 2 | 1.3.6.1.2.1.2.2.1.2.2 = FastEthernet1/0 | 1.3.6.1.2.1.2.2.1.3.2 = 6 | 1.3.6.1.4.1.9.2.2.1.1.20.2 = administratively down
2025-03-31 10:38:09,UNKNOWN,SNMP_TRAP,trap,,,1.3.6.1.2.1.1.3.0 = 237377 | 1.3.6.1.6.3.1.1.4.1.0 = 1.3.6.1.4.1.9.9.43.2.0.1 | 1.3.6.1.6.3.18.1.3.0 = 1.0.0.4 | 1.3.6.1.6.3.18.1.4.0 = public | 1.3.6.1.6.3.1.1.4.3.0 = 1.3.6.1.4.1.9.9.43.2 | 1.3.6.1.4.1.9.9.43.1.1.6.1.3.8 = 1 | 1.3.6.1.4.1.9.9.43.1.1.6.1.4.8 = 2 | 1.3.6.1.4.1.9.9.43.1.1.6.1.5.8 = 3
2025-03-31 10:38:11,UNKNOWN,SNMP_TRAP,trap,,,"1.3.6.1.2.1.1.3.0 = 237582 | 1.3.6.1.6.3.1.1.4.1.0 = 1.3.6.1.4.1.9.9.41.2.0.1 | 1.3.6.1.6.3.18.1.3.0 = 1.0.0.4 | 1.3.6.1.6.3.18.1.4.0 = public | 1.3.6.1.6.3.1.1.4.3.0 = 1.3.6.1.4.1.9.9.41.2 | 1.3.6.1.4.1.9.9.41.1.2.3.1.2.5 = LINK | 1.3.6.1.4.1.9.9.41.1.2.3.1.3.5 = 4 | 1.3.6.1.4.1.9.9.41.1.2.3.1.4.5 = UPDOWN | 1.3.6.1.4.1.9.9.41.1.2.3.1.5.5 = Interface FastEthernet1/0, changed state to up | 1.3.6.1.4.1.9.9.41.1.2.3.1.6.5 = 237580"
2025-03-31 10:38:12,UNKNOWN,SNMP_TRAP,trap,,,1.3.6.1.2.1.1.3.0 = 237681 | 1.3.6.1.6.3.1.1.4.1.0 = 1.3.6.1.6.3.1.1.5.4 | 1.3.6.1.6.3.18.1.3.0 = 1.0.0.4 | 1.3.6.1.6.3.18.1.4.0 = public | 1.3.6.1.6.3.1.1.4.3.0 = 1.3.6.1.6.3.1.1.5 | 1.3.6.1.2.1.2.2.1.1.2 = 2 | 1.3.6.1.2.1.2.2.1.2.2 = FastEthernet1/0 | 1.3.6.1.2.1.2.2.1.3.2 = 6 | 1.3.6.1.4.1.9.2.2.1.1.20.2 = up
2025-03-31 10:47:58,UNKNOWN,SNMP_TRAP,trap,,,1.3.6.1.2.1.1.3.0 = 296290 | 1.3.6.1.6.3.1.1.4.1.0 = 1.3.6.1.4.1.9.9.43.2.0.1 | 1.3.6.1.6.3.18.1.3.0 = 1.0.0.4 | 1.3.6.1.6.3.18.1.4.0 = public | 1.3.6.1.6.3.1.1.4.3.0 = 1.3.6.1.4.1.9.9.43.2 | 1.3.6.1.4.1.9.9.43.1.1.6.1.3.9 = 1 | 1.3.6.1.4.1.9.9.43.1.1.6.1.4.9 = 3 | 1.3.6.1.4.1.9.9.43.1.1.6.1.5.9 = 4
2025-03-31 10:48:00,UNKNOWN,SNMP_TRAP,trap,,,1.3.6.1.2.1.1.3.0 = 296506 | 1.3.6.1.6.3.1.1.4.1.0 = 1.3.6.1.6.3.1.1.5.3 | 1.3.6.1.6.3.18.1.3.0 = 1.0.0.4 | 1.3.6.1.6.3.18.1.4.0 = public | 1.3.6.1.6.3.1.1.4.3.0 = 1.3.6.1.6.3.1.1.5 | 1.3.6.1.2.1.2.2.1.1.3 = 3 | 1.3.6.1.2.1.2.2.1.2.3 = FastEthernet2/0 | 1.3.6.1.2.1.2.2.1.3.3 = 6 | 1.3.6.1.4.1.9.2.2.1.1.20.3 = administratively down
2025-03-31 10:48:18,UNKNOWN,SNMP_TRAP,trap,,,1.3.6.1.2.1.1.3.0 = 298343 | 1.3.6.1.6.3.1.1.4.1.0 = 1.3.6.1.4.1.9.9.43.2.0.1 | 1.3.6.1.6.3.18.1.3.0 = 1.0.0.4 | 1.3.6.1.6.3.18.1.4.0 = public | 1.3.6.1.6.3.1.1.4.3.0 = 1.3.6.1.4.1.9.9.43.2 | 1.3.6.1.4.1.9.9.43.1.1.6.1.3.10 = 1 | 1.3.6.1.4.1.9.9.43.1.1.6.1.4.10 = 2 | 1.3.6.1.4.1.9.9.43.1.1.6.1.5.10 = 3
2025-03-31 10:48:20,UNKNOWN,SNMP_TRAP,trap,,,"1.3.6.1.2.1.1.3.0 = 298548 | 1.3.6.1.6.3.1.1.4.1.0 = 1.3.6.1.4.1.9.9.41.2.0.1 | 1.3.6.1.6.3.18.1.3.0 = 1.0.0.4 | 1.3.6.1.6.3.18.1.4.0 = public | 1.3.6.1.6.3.1.1.4.3.0 = 1.3.6.1.4.1.9.9.41.2 | 1.3.6.1.4.1.9.9.41.1.2.3.1.2.6 = LINK | 1.3.6.1.4.1.9.9.41.1.2.3.1.3.6 = 4 | 1.3.6.1.4.1.9.9.41.1.2.3.1.4.6 = UPDOWN | 1.3.6.1.4.1.9.9.41.1.2.3.1.5.6 = Interface FastEthernet2/0, changed state to up | 1.3.6.1.4.1.9.9.41.1.2.3.1.6.6 = 298546"
2025-03-31 10:48:21,UNKNOWN,SNMP_TRAP,trap,,,1.3.6.1.2.1.1.3.0 = 298646 | 1.3.6.1.6.3.1.1.4.1.0 = 1.3.6.1.6.3.1.1.5.4 | 1.3.6.1.6.3.18.1.3.0 = 1.0.0.4 | 1.3.6.1.6.3.18.1.4.0 = public | 1.3.6.1.6.3.1.1.4.3.0 = 1.3.6.1.6.3.1.1.5 | 1.3.6.1.2.1.2.2.1.1.3 = 3 | 1.3.6.1.2.1.2.2.1.2.3 = FastEthernet2/0 | 1.3.6.1.2.1.2.2.1.3.3 = 6 | 1.3.6.1.4.1.9.2.2.1.1.20.3 = up
2025-03-31 11:13:19,UNKNOWN,SNMP_TRAP,trap,,,1.3.6.1.2.1.1.3.0 = 448094 | 1.3.6.1.6.3.1.1.4.1.0 = 1.3.6.1.4.1.9.9.43.2.0.1 | 1.3.6.1.6.3.18.1.3.0 = 1.0.0.4 | 1.3.6.1.6.3.18.1.4.0 = public | 1.3.6.1.6.3.1.1.4.3.0 = 1.3.6.1.4.1.9.9.43.2 | 1.3.6.1.4.1.9.9.43.1.1.6.1.3.11 = 1 | 1.3.6.1.4.1.9.9.43.1.1.6.1.4.11 = 3 | 1.3.6.1.4.1.9.9.43.1.1.6.1.5.11 = 4
2025-03-31 11:13:19,UNKNOWN,SNMP_TRAP,trap,,,1.3.6.1.2.1.1.3.0 = 448320 | 1.3.6.1.6.3.1.1.4.1.0 = 1.3.6.1.6.3.1.1.5.3 | 1.3.6.1.6.3.18.1.3.0 = 1.0.0.4 | 1.3.6.1.6.3.18.1.4.0 = public | 1.3.6.1.6.3.1.1.4.3.0 = 1.3.6.1.6.3.1.1.5 | 1.3.6.1.2.1.2.2.1.1.3 = 3 | 1.3.6.1.2.1.2.2.1.2.3 = FastEthernet2/0 | 1.3.6.1.2.1.2.2.1.3.3 = 6 | 1.3.6.1.4.1.9.2.2.1.1.20.3 = administratively down
2025-03-31 11:13:55,UNKNOWN,SNMP_TRAP,trap,,,1.3.6.1.2.1.1.3.0 = 452017 | 1.3.6.1.6.3.1.1.4.1.0 = 1.3.6.1.4.1.9.9.43.2.0.1 | 1.3.6.1.6.3.18.1.3.0 = 1.0.0.4 | 1.3.6.1.6.3.18.1.4.0 = public | 1.3.6.1.6.3.1.1.4.3.0 = 1.3.6.1.4.1.9.9.43.2 | 1.3.6.1.4.1.9.9.43.1.1.6.1.3.12 = 1 | 1.3.6.1.4.1.9.9.43.1.1.6.1.4.12 = 2 | 1.3.6.1.4.1.9.9.43.1.1.6.1.5.12 = 3
2025-03-31 11:13:57,UNKNOWN,SNMP_TRAP,trap,,,"1.3.6.1.2.1.1.3.0 = 452222 | 1.3.6.1.6.3.1.1.4.1.0 = 1.3.6.1.4.1.9.9.41.2.0.1 | 1.3.6.1.6.3.18.1.3.0 = 1.0.0.4 | 1.3.6.1.6.3.18.1.4.0 = public | 1.3.6.1.6.3.1.1.4.3.0 = 1.3.6.1.4.1.9.9.41.2 | 1.3.6.1.4.1.9.9.41.1.2.3.1.2.7 = LINK | 1.3.6.1.4.1.9.9.41.1.2.3.1.3.7 = 4 | 1.3.6.1.4.1.9.9.41.1.2.3.1.4.7 = UPDOWN | 1.3.6.1.4.1.9.9.41.1.2.3.1.5.7 = Interface FastEthernet2/0, changed state to up | 1.3.6.1.4.1.9.9.41.1.2.3.1.6.7 = 452220"
2025-03-31 11:13:58,UNKNOWN,SNMP_TRAP,trap,,,1.3.6.1.2.1.1.3.0 = 452321 | 1.3.6.1.6.3.1.1.4.1.0 = 1.3.6.1.6.3.1.1.5.4 | 1.3.6.1.6.3.18.1.3.0 = 1.0.0.4 | 1.3.6.1.6.3.18.1.4.0 = public | 1.3.6.1.6.3.1.1.4.3.0 = 1.3.6.1.6.3.1.1.5 | 1.3.6.1.2.1.2.2.1.1.3 = 3 | 1.3.6.1.2.1.2.2.1.2.3 = FastEthernet2/0 | 1.3.6.1.2.1.2.2.1.3.3 = 6 | 1.3.6.1.4.1.9.2.2.1.1.20.3 = up
2025-03-31 11:32:10,UNKNOWN,SNMP_TRAP,trap,,,1.3.6.1.2.1.1.3.0 = 560520 | 1.3.6.1.6.3.1.1.4.1.0 = 1.3.6.1.4.1.9.9.43.2.0.1 | 1.3.6.1.6.3.18.1.3.0 = 1.0.0.4 | 1.3.6.1.6.3.18.1.4.0 = public | 1.3.6.1.6.3.1.1.4.3.0 = 1.3.6.1.4.1.9.9.43.2 | 1.3.6.1.4.1.9.9.43.1.1.6.1.3.13 = 1 | 1.3.6.1.4.1.9.9.43.1.1.6.1.4.13 = 3 | 1.3.6.1.4.1.9.9.43.1.1.6.1.5.13 = 4
2025-03-31 11:32:12,UNKNOWN,SNMP_TRAP,trap,,,1.3.6.1.2.1.1.3.0 = 560740 | 1.3.6.1.6.3.1.1.4.1.0 = 1.3.6.1.6.3.1.1.5.3 | 1.3.6.1.6.3.18.1.3.0 = 1.0.0.4 | 1.3.6.1.6.3.18.1.4.0 = public | 1.3.6.1.6.3.1.1.4.3.0 = 1.3.6.1.6.3.1.1.5 | 1.3.6.1.2.1.2.2.1.1.3 = 3 | 1.3.6.1.2.1.2.2.1.2.3 = FastEthernet2/0 | 1.3.6.1.2.1.2.2.1.3.3 = 6 | 1.3.6.1.4.1.9.2.2.1.1.20.3 = administratively down
2025-03-31 11:32:44,UNKNOWN,SNMP_TRAP,trap,,,1.3.6.1.2.1.1.3.0 = 563934 | 1.3.6.1.6.3.1.1.4.1.0 = 1.3.6.1.4.1.9.9.43.2.0.1 | 1.3.6.1.6.3.18.1.3.0 = 1.0.0.4 | 1.3.6.1.6.3.18.1.4.0 = public | 1.3.6.1.6.3.1.1.4.3.0 = 1.3.6.1.4.1.9.9.43.2 | 1.3.6.1.4.1.9.9.43.1.1.6.1.3.14 = 1 | 1.3.6.1.4.1.9.9.43.1.1.6.1.4.14 = 2 | 1.3.6.1.4.1.9.9.43.1.1.6.1.5.14 = 3
2025-03-31 11:32:46,UNKNOWN,SNMP_TRAP,trap,,,"1.3.6.1.2.1.1.3.0 = 564139 | 1.3.6.1.6.3.1.1.4.1.0 = 1.3.6.1.4.1.9.9.41.2.0.1 | 1.3.6.1.6.3.18.1.3.0 = 1.0.0.4 | 1.3.6.1.6.3.18.1.4.0 = public | 1.3.6.1.6.3.1.1.4.3.0 = 1.3.6.1.4.1.9.9.41.2 | 1.3.6.1.4.1.9.9.41.1.2.3.1.2.8 = LINK | 1.3.6.1.4.1.9.9.41.1.2.3.1.3.8 = 4 | 1.3.6.1.4.1.9.9.41.1.2.3.1.4.8 = UPDOWN | 1.3.6.1.4.1.9.9.41.1.2.3.1.5.8 = Interface FastEthernet2/0, changed state to up | 1.3.6.1.4.1.9.9.41.1.2.3.1.6.8 = 564137"
2025-03-31 11:32:47,UNKNOWN,SNMP_TRAP,trap,,,1.3.6.1.2.1.1.3.0 = 564238 | 1.3.6.1.6.3.1.1.4.1.0 = 1.3.6.1.6.3.1.1.5.4 | 1.3.6.1.6.3.18.1.3.0 = 1.0.0.4 | 1.3.6.1.6.3.18.1.4.0 = public | 1.3.6.1.6.3.1.1.4.3.0 = 1.3.6.1.6.3.1.1.5 | 1.3.6.1.2.1.2.2.1.1.3 = 3 | 1.3.6.1.2.1.2.2.1.2.3 = FastEthernet2/0 | 1.3.6.1.2.1.2.2.1.3.3 = 6 | 1.3.6.1.4.1.9.2.2.1.1.20.3 = up
2025-03-31 11:47:06,UNKNOWN,SNMP_TRAP,trap,,,1.3.6.1.2.1.1.3.0 = 649180 | 1.3.6.1.6.3.1.1.4.1.0 = 1.3.6.1.4.1.9.9.43.2.0.1 | 1.3.6.1.6.3.18.1.3.0 = 1.0.0.4 | 1.3.6.1.6.3.18.1.4.0 = public | 1.3.6.1.6.3.1.1.4.3.0 = 1.3.6.1.4.1.9.9.43.2 | 1.3.6.1.4.1.9.9.43.1.1.6.1.3.15 = 1 | 1.3.6.1.4.1.9.9.43.1.1.6.1.4.15 = 2 | 1.3.6.1.4.1.9.9.43.1.1.6.1.5.15 = 3
2025-03-31 11:47:06,UNKNOWN,SNMP_TRAP,trap,,,1.3.6.1.2.1.1.3.0 = 649269 | 1.3.6.1.6.3.1.1.4.1.0 = 1.3.6.1.4.1.9.9.43.2.0.1 | 1.3.6.1.6.3.18.1.3.0 = 1.0.0.4 | 1.3.6.1.6.3.18.1.4.0 = public | 1.3.6.1.6.3.1.1.4.3.0 = 1.3.6.1.4.1.9.9.43.2 | 1.3.6.1.4.1.9.9.43.1.1.6.1.3.16 = 1 | 1.3.6.1.4.1.9.9.43.1.1.6.1.4.16 = 3 | 1.3.6.1.4.1.9.9.43.1.1.6.1.5.16 = 4
2025-03-31 11:47:06,UNKNOWN,SNMP_TRAP,trap,,,1.3.6.1.2.1.1.3.0 = 649494 | 1.3.6.1.6.3.1.1.4.1.0 = 1.3.6.1.6.3.1.1.5.3 | 1.3.6.1.6.3.18.1.3.0 = 1.0.0.4 | 1.3.6.1.6.3.18.1.4.0 = public | 1.3.6.1.6.3.1.1.4.3.0 = 1.3.6.1.6.3.1.1.5 | 1.3.6.1.2.1.2.2.1.1.2 = 2 | 1.3.6.1.2.1.2.2.1.2.2 = FastEthernet1/0 | 1.3.6.1.2.1.2.2.1.3.2 = 6 | 1.3.6.1.4.1.9.2.2.1.1.20.2 = administratively down
2025-03-31 11:47:27,UNKNOWN,SNMP_TRAP,trap,,,1.3.6.1.2.1.1.3.0 = 652128 | 1.3.6.1.6.3.1.1.4.1.0 = 1.3.6.1.4.1.9.9.43.2.0.1 | 1.3.6.1.6.3.18.1.3.0 = 1.0.0.4 | 1.3.6.1.6.3.18.1.4.0 = public | 1.3.6.1.6.3.1.1.4.3.0 = 1.3.6.1.4.1.9.9.43.2 | 1.3.6.1.4.1.9.9.43.1.1.6.1.3.17 = 1 | 1.3.6.1.4.1.9.9.43.1.1.6.1.4.17 = 2 | 1.3.6.1.4.1.9.9.43.1.1.6.1.5.17 = 3
2025-03-31 11:47:29,UNKNOWN,SNMP_TRAP,trap,,,"1.3.6.1.2.1.1.3.0 = 652334 | 1.3.6.1.6.3.1.1.4.1.0 = 1.3.6.1.4.1.9.9.41.2.0.1 | 1.3.6.1.6.3.18.1.3.0 = 1.0.0.4 | 1.3.6.1.6.3.18.1.4.0 = public | 1.3.6.1.6.3.1.1.4.3.0 = 1.3.6.1.4.1.9.9.41.2 | 1.3.6.1.4.1.9.9.41.1.2.3.1.2.9 = LINK | 1.3.6.1.4.1.9.9.41.1.2.3.1.3.9 = 4 | 1.3.6.1.4.1.9.9.41.1.2.3.1.4.9 = UPDOWN | 1.3.6.1.4.1.9.9.41.1.2.3.1.5.9 = Interface FastEthernet1/0, changed state to up | 1.3.6.1.4.1.9.9.41.1.2.3.1.6.9 = 652332"
2025-03-31 11:47:30,UNKNOWN,SNMP_TRAP,trap,,,1.3.6.1.2.1.1.3.0 = 652432 | 1.3.6.1.6.3.1.1.4.1.0 = 1.3.6.1.6.3.1.1.5.4 | 1.3.6.1.6.3.18.1.3.0 = 1.0.0.4 | 1.3.6.1.6.3.18.1.4.0 = public | 1.3.6.1.6.3.1.1.4.3.0 = 1.3.6.1.6.3.1.1.5 | 1.3.6.1.2.1.2.2.1.1.2 = 2 | 1.3.6.1.2.1.2.2.1.2.2 = FastEthernet1/0 | 1.3.6.1.2.1.2.2.1.3.2 = 6 | 1.3.6.1.4.1.9.2.2.1.1.20.2 = up
2025-03-31 12:01:17,UNKNOWN,SNMP_TRAP,trap,,,1.3.6.1.2.1.1.3.0 = 735251 | 1.3.6.1.6.3.1.1.4.1.0 = 1.3.6.1.4.1.9.9.43.2.0.1 | 1.3.6.1.6.3.18.1.3.0 = 1.0.0.4 | 1.3.6.1.6.3.18.1.4.0 = public | 1.3.6.1.6.3.1.1.4.3.0 = 1.3.6.1.4.1.9.9.43.2 | 1.3.6.1.4.1.9.9.43.1.1.6.1.3.18 = 1 | 1.3.6.1.4.1.9.9.43.1.1.6.1.4.18 = 3 | 1.3.6.1.4.1.9.9.43.1.1.6.1.5.18 = 4
2025-03-31 12:01:19,UNKNOWN,SNMP_TRAP,trap,,,1.3.6.1.2.1.1.3.0 = 735472 | 1.3.6.1.6.3.1.1.4.1.0 = 1.3.6.1.6.3.1.1.5.3 | 1.3.6.1.6.3.18.1.3.0 = 1.0.0.4 | 1.3.6.1.6.3.18.1.4.0 = public | 1.3.6.1.6.3.1.1.4.3.0 = 1.3.6.1.6.3.1.1.5 | 1.3.6.1.2.1.2.2.1.1.2 = 2 | 1.3.6.1.2.1.2.2.1.2.2 = FastEthernet1/0 | 1.3.6.1.2.1.2.2.1.3.2 = 6 | 1.3.6.1.4.1.9.2.2.1.1.20.2 = administratively down
2025-03-31 12:01:56,UNKNOWN,SNMP_TRAP,trap,,,1.3.6.1.2.1.1.3.0 = 739089 | 1.3.6.1.6.3.1.1.4.1.0 = 1.3.6.1.4.1.9.9.43.2.0.1 | 1.3.6.1.6.3.18.1.3.0 = 1.0.0.4 | 1.3.6.1.6.3.18.1.4.0 = public | 1.3.6.1.6.3.1.1.4.3.0 = 1.3.6.1.4.1.9.9.43.2 | 1.3.6.1.4.1.9.9.43.1.1.6.1.3.19 = 1 | 1.3.6.1.4.1.9.9.43.1.1.6.1.4.19 = 2 | 1.3.6.1.4.1.9.9.43.1.1.6.1.5.19 = 3
2025-03-31 12:01:57,UNKNOWN,SNMP_TRAP,trap,,,1.3.6.1.2.1.1.3.0 = 739176 | 1.3.6.1.6.3.1.1.4.1.0 = 1.3.6.1.4.1.9.9.43.2.0.1 | 1.3.6.1.6.3.18.1.3.0 = 1.0.0.4 | 1.3.6.1.6.3.18.1.4.0 = public | 1.3.6.1.6.3.1.1.4.3.0 = 1.3.6.1.4.1.9.9.43.2 | 1.3.6.1.4.1.9.9.43.1.1.6.1.3.20 = 1 | 1.3.6.1.4.1.9.9.43.1.1.6.1.4.20 = 3 | 1.3.6.1.4.1.9.9.43.1.1.6.1.5.20 = 4
2025-03-31 12:01:58,UNKNOWN,SNMP_TRAP,trap,,,"1.3.6.1.2.1.1.3.0 = 739293 | 1.3.6.1.6.3.1.1.4.1.0 = 1.3.6.1.4.1.9.9.41.2.0.1 | 1.3.6.1.6.3.18.1.3.0 = 1.0.0.4 | 1.3.6.1.6.3.18.1.4.0 = public | 1.3.6.1.6.3.1.1.4.3.0 = 1.3.6.1.4.1.9.9.41.2 | 1.3.6.1.4.1.9.9.41.1.2.3.1.2.10 = LINK | 1.3.6.1.4.1.9.9.41.1.2.3.1.3.10 = 4 | 1.3.6.1.4.1.9.9.41.1.2.3.1.4.10 = UPDOWN | 1.3.6.1.4.1.9.9.41.1.2.3.1.5.10 = Interface FastEthernet1/0, changed state to up | 1.3.6.1.4.1.9.9.41.1.2.3.1.6.10 = 739292"
2025-03-31 12:01:59,UNKNOWN,SNMP_TRAP,trap,,,1.3.6.1.2.1.1.3.0 = 739393 | 1.3.6.1.6.3.1.1.4.1.0 = 1.3.6.1.6.3.1.1.5.4 | 1.3.6.1.6.3.18.1.3.0 = 1.0.0.4 | 1.3.6.1.6.3.18.1.4.0 = public | 1.3.6.1.6.3.1.1.4.3.0 = 1.3.6.1.6.3.1.1.5 | 1.3.6.1.2.1.2.2.1.1.2 = 2 | 1.3.6.1.2.1.2.2.1.2.2 = FastEthernet1/0 | 1.3.6.1.2.1.2.2.1.3.2 = 6 | 1.3.6.1.4.1.9.2.2.1.1.20.2 = up
2025-03-31 12:27:51,UNKNOWN,SNMP_TRAP,trap,,,1.3.6.1.2.1.1.3.0 = 893572 | 1.3.6.1.6.3.1.1.4.1.0 = 1.3.6.1.4.1.9.9.43.2.0.1 | 1.3.6.1.6.3.18.1.3.0 = 1.0.0.4 | 1.3.6.1.6.3.18.1.4.0 = public | 1.3.6.1.6.3.1.1.4.3.0 = 1.3.6.1.4.1.9.9.43.2 | 1.3.6.1.4.1.9.9.43.1.1.6.1.3.21 = 1 | 1.3.6.1.4.1.9.9.43.1.1.6.1.4.21 = 2 | 1.3.6.1.4.1.9.9.43.1.1.6.1.5.21 = 3
2025-03-31 12:27:51,UNKNOWN,SNMP_TRAP,trap,,,1.3.6.1.2.1.1.3.0 = 893659 | 1.3.6.1.6.3.1.1.4.1.0 = 1.3.6.1.4.1.9.9.43.2.0.1 | 1.3.6.1.6.3.18.1.3.0 = 1.0.0.4 | 1.3.6.1.6.3.18.1.4.0 = public | 1.3.6.1.6.3.1.1.4.3.0 = 1.3.6.1.4.1.9.9.43.2 | 1.3.6.1.4.1.9.9.43.1.1.6.1.3.22 = 1 | 1.3.6.1.4.1.9.9.43.1.1.6.1.4.22 = 3 | 1.3.6.1.4.1.9.9.43.1.1.6.1.5.22 = 4
2025-03-31 12:27:53,UNKNOWN,SNMP_TRAP,trap,,,1.3.6.1.2.1.1.3.0 = 893876 | 1.3.6.1.6.3.1.1.4.1.0 = 1.3.6.1.6.3.1.1.5.3 | 1.3.6.1.6.3.18.1.3.0 = 1.0.0.4 | 1.3.6.1.6.3.18.1.4.0 = public | 1.3.6.1.6.3.1.1.4.3.0 = 1.3.6.1.6.3.1.1.5 | 1.3.6.1.2.1.2.2.1.1.2 = 2 | 1.3.6.1.2.1.2.2.1.2.2 = FastEthernet1/0 | 1.3.6.1.2.1.2.2.1.3.2 = 6 | 1.3.6.1.4.1.9.2.2.1.1.20.2 = administratively down
2025-03-31 12:28:16,UNKNOWN,SNMP_TRAP,trap,,,1.3.6.1.2.1.1.3.0 = 896160 | 1.3.6.1.6.3.1.1.4.1.0 = 1.3.6.1.4.1.9.9.43.2.0.1 | 1.3.6.1.6.3.18.1.3.0 = 1.0.0.4 | 1.3.6.1.6.3.18.1.4.0 = public | 1.3.6.1.6.3.1.1.4.3.0 = 1.3.6.1.4.1.9.9.43.2 | 1.3.6.1.4.1.9.9.43.1.1.6.1.3.23 = 1 | 1.3.6.1.4.1.9.9.43.1.1.6.1.4.23 = 2 | 1.3.6.1.4.1.9.9.43.1.1.6.1.5.23 = 3
2025-03-31 12:28:18,UNKNOWN,SNMP_TRAP,trap,,,"1.3.6.1.2.1.1.3.0 = 896366 | 1.3.6.1.6.3.1.1.4.1.0 = 1.3.6.1.4.1.9.9.41.2.0.1 | 1.3.6.1.6.3.18.1.3.0 = 1.0.0.4 | 1.3.6.1.6.3.18.1.4.0 = public | 1.3.6.1.6.3.1.1.4.3.0 = 1.3.6.1.4.1.9.9.41.2 | 1.3.6.1.4.1.9.9.41.1.2.3.1.2.11 = LINK | 1.3.6.1.4.1.9.9.41.1.2.3.1.3.11 = 4 | 1.3.6.1.4.1.9.9.41.1.2.3.1.4.11 = UPDOWN | 1.3.6.1.4.1.9.9.41.1.2.3.1.5.11 = Interface FastEthernet1/0, changed state to up | 1.3.6.1.4.1.9.9.41.1.2.3.1.6.11 = 896364"
2025-03-31 12:28:19,UNKNOWN,SNMP_TRAP,trap,,,1.3.6.1.2.1.1.3.0 = 896464 | 1.3.6.1.6.3.1.1.4.1.0 = 1.3.6.1.6.3.1.1.5.4 | 1.3.6.1.6.3.18.1.3.0 = 1.0.0.4 | 1.3.6.1.6.3.18.1.4.0 = public | 1.3.6.1.6.3.1.1.4.3.0 = 1.3.6.1.6.3.1.1.5 | 1.3.6.1.2.1.2.2.1.1.2 = 2 | 1.3.6.1.2.1.2.2.1.2.2 = FastEthernet1/0 | 1.3.6.1.2.1.2.2.1.3.2 = 6 | 1.3.6.1.4.1.9.2.2.1.1.20.2 = up
2025-03-31 12:41:36,UNKNOWN,SNMP_TRAP,trap,,,1.3.6.1.2.1.1.3.0 = 975774 | 1.3.6.1.6.3.1.1.4.1.0 = 1.3.6.1.4.1.9.9.43.2.0.1 | 1.3.6.1.6.3.18.1.3.0 = 1.0.0.4 | 1.3.6.1.6.3.18.1.4.0 = public | 1.3.6.1.6.3.1.1.4.3.0 = 1.3.6.1.4.1.9.9.43.2 | 1.3.6.1.4.1.9.9.43.1.1.6.1.3.24 = 1 | 1.3.6.1.4.1.9.9.43.1.1.6.1.4.24 = 2 | 1.3.6.1.4.1.9.9.43.1.1.6.1.5.24 = 3
2025-03-31 12:41:36,UNKNOWN,SNMP_TRAP,trap,,,1.3.6.1.2.1.1.3.0 = 975861 | 1.3.6.1.6.3.1.1.4.1.0 = 1.3.6.1.4.1.9.9.43.2.0.1 | 1.3.6.1.6.3.18.1.3.0 = 1.0.0.4 | 1.3.6.1.6.3.18.1.4.0 = public | 1.3.6.1.6.3.1.1.4.3.0 = 1.3.6.1.4.1.9.9.43.2 | 1.3.6.1.4.1.9.9.43.1.1.6.1.3.25 = 1 | 1.3.6.1.4.1.9.9.43.1.1.6.1.4.25 = 3 | 1.3.6.1.4.1.9.9.43.1.1.6.1.5.25 = 4
2025-03-31 12:41:36,UNKNOWN,SNMP_TRAP,trap,,,1.3.6.1.2.1.1.3.0 = 976085 | 1.3.6.1.6.3.1.1.4.1.0 = 1.3.6.1.6.3.1.1.5.3 | 1.3.6.1.6.3.18.1.3.0 = 1.0.0.4 | 1.3.6.1.6.3.18.1.4.0 = public | 1.3.6.1.6.3.1.1.4.3.0 = 1.3.6.1.6.3.1.1.5 | 1.3.6.1.2.1.2.2.1.1.2 = 2 | 1.3.6.1.2.1.2.2.1.2.2 = FastEthernet1/0 | 1.3.6.1.2.1.2.2.1.3.2 = 6 | 1.3.6.1.4.1.9.2.2.1.1.20.2 = administratively down
2025-03-31 12:42:13,UNKNOWN,SNMP_TRAP,trap,,,1.3.6.1.2.1.1.3.0 = 979823 | 1.3.6.1.6.3.1.1.4.1.0 = 1.3.6.1.4.1.9.9.43.2.0.1 | 1.3.6.1.6.3.18.1.3.0 = 1.0.0.4 | 1.3.6.1.6.3.18.1.4.0 = public | 1.3.6.1.6.3.1.1.4.3.0 = 1.3.6.1.4.1.9.9.43.2 | 1.3.6.1.4.1.9.9.43.1.1.6.1.3.26 = 1 | 1.3.6.1.4.1.9.9.43.1.1.6.1.4.26 = 2 | 1.3.6.1.4.1.9.9.43.1.1.6.1.5.26 = 3
2025-03-31 12:42:15,UNKNOWN,SNMP_TRAP,trap,,,"1.3.6.1.2.1.1.3.0 = 980028 | 1.3.6.1.6.3.1.1.4.1.0 = 1.3.6.1.4.1.9.9.41.2.0.1 | 1.3.6.1.6.3.18.1.3.0 = 1.0.0.4 | 1.3.6.1.6.3.18.1.4.0 = public | 1.3.6.1.6.3.1.1.4.3.0 = 1.3.6.1.4.1.9.9.41.2 | 1.3.6.1.4.1.9.9.41.1.2.3.1.2.12 = LINK | 1.3.6.1.4.1.9.9.41.1.2.3.1.3.12 = 4 | 1.3.6.1.4.1.9.9.41.1.2.3.1.4.12 = UPDOWN | 1.3.6.1.4.1.9.9.41.1.2.3.1.5.12 = Interface FastEthernet1/0, changed state to up | 1.3.6.1.4.1.9.9.41.1.2.3.1.6.12 = 980026"
2025-03-31 12:42:16,UNKNOWN,SNMP_TRAP,trap,,,1.3.6.1.2.1.1.3.0 = 980127 | 1.3.6.1.6.3.1.1.4.1.0 = 1.3.6.1.6.3.1.1.5.4 | 1.3.6.1.6.3.18.1.3.0 = 1.0.0.4 | 1.3.6.1.6.3.18.1.4.0 = public | 1.3.6.1.6.3.1.1.4.3.0 = 1.3.6.1.6.3.1.1.5 | 1.3.6.1.2.1.2.2.1.1.2 = 2 | 1.3.6.1.2.1.2.2.1.2.2 = FastEthernet1/0 | 1.3.6.1.2.1.2.2.1.3.2 = 6 | 1.3.6.1.4.1.9.2.2.1.1.20.2 = up
2025-03-31 13:05:52,UNKNOWN,SNMP_TRAP,trap,,,1.3.6.1.2.1.1.3.0 = 1121731 | 1.3.6.1.6.3.1.1.4.1.0 = 1.3.6.1.4.1.9.9.43.2.0.1 | 1.3.6.1.6.3.18.1.3.0 = 1.0.0.4 | 1.3.6.1.6.3.18.1.4.0 = public | 1.3.6.1.6.3.1.1.4.3.0 = 1.3.6.1.4.1.9.9.43.2 | 1.3.6.1.4.1.9.9.43.1.1.6.1.3.27 = 1 | 1.3.6.1.4.1.9.9.43.1.1.6.1.4.27 = 3 | 1.3.6.1.4.1.9.9.43.1.1.6.1.5.27 = 4
2025-03-31 13:05:54,UNKNOWN,SNMP_TRAP,trap,,,1.3.6.1.2.1.1.3.0 = 1121957 | 1.3.6.1.6.3.1.1.4.1.0 = 1.3.6.1.6.3.1.1.5.3 | 1.3.6.1.6.3.18.1.3.0 = 1.0.0.4 | 1.3.6.1.6.3.18.1.4.0 = public | 1.3.6.1.6.3.1.1.4.3.0 = 1.3.6.1.6.3.1.1.5 | 1.3.6.1.2.1.2.2.1.1.3 = 3 | 1.3.6.1.2.1.2.2.1.2.3 = FastEthernet2/0 | 1.3.6.1.2.1.2.2.1.3.3 = 6 | 1.3.6.1.4.1.9.2.2.1.1.20.3 = administratively down
2025-03-31 13:06:22,UNKNOWN,SNMP_TRAP,trap,,,1.3.6.1.2.1.1.3.0 = 1124692 | 1.3.6.1.6.3.1.1.4.1.0 = 1.3.6.1.4.1.9.9.43.2.0.1 | 1.3.6.1.6.3.18.1.3.0 = 1.0.0.4 | 1.3.6.1.6.3.18.1.4.0 = public | 1.3.6.1.6.3.1.1.4.3.0 = 1.3.6.1.4.1.9.9.43.2 | 1.3.6.1.4.1.9.9.43.1.1.6.1.3.28 = 1 | 1.3.6.1.4.1.9.9.43.1.1.6.1.4.28 = 2 | 1.3.6.1.4.1.9.9.43.1.1.6.1.5.28 = 3
2025-03-31 13:06:24,UNKNOWN,SNMP_TRAP,trap,,,"1.3.6.1.2.1.1.3.0 = 1124897 | 1.3.6.1.6.3.1.1.4.1.0 = 1.3.6.1.4.1.9.9.41.2.0.1 | 1.3.6.1.6.3.18.1.3.0 = 1.0.0.4 | 1.3.6.1.6.3.18.1.4.0 = public | 1.3.6.1.6.3.1.1.4.3.0 = 1.3.6.1.4.1.9.9.41.2 | 1.3.6.1.4.1.9.9.41.1.2.3.1.2.13 = LINK | 1.3.6.1.4.1.9.9.41.1.2.3.1.3.13 = 4 | 1.3.6.1.4.1.9.9.41.1.2.3.1.4.13 = UPDOWN | 1.3.6.1.4.1.9.9.41.1.2.3.1.5.13 = Interface FastEthernet2/0, changed state to up | 1.3.6.1.4.1.9.9.41.1.2.3.1.6.13 = 1124896"
2025-03-31 13:06:25,UNKNOWN,SNMP_TRAP,trap,,,1.3.6.1.2.1.1.3.0 = 1124996 | 1.3.6.1.6.3.1.1.4.1.0 = 1.3.6.1.6.3.1.1.5.4 | 1.3.6.1.6.3.18.1.3.0 = 1.0.0.4 | 1.3.6.1.6.3.18.1.4.0 = public | 1.3.6.1.6.3.1.1.4.3.0 = 1.3.6.1.6.3.1.1.5 | 1.3.6.1.2.1.2.2.1.1.3 = 3 | 1.3.6.1.2.1.2.2.1.2.3 = FastEthernet2/0 | 1.3.6.1.2.1.2.2.1.3.3 = 6 | 1.3.6.1.4.1.9.2.2.1.1.20.3 = up
2025-03-31 13:20:26,UNKNOWN,SNMP_TRAP,trap,,,1.3.6.1.2.1.1.3.0 = 1208411 | 1.3.6.1.6.3.1.1.4.1.0 = 1.3.6.1.4.1.9.9.43.2.0.1 | 1.3.6.1.6.3.18.1.3.0 = 1.0.0.4 | 1.3.6.1.6.3.18.1.4.0 = public | 1.3.6.1.6.3.1.1.4.3.0 = 1.3.6.1.4.1.9.9.43.2 | 1.3.6.1.4.1.9.9.43.1.1.6.1.3.29 = 1 | 1.3.6.1.4.1.9.9.43.1.1.6.1.4.29 = 3 | 1.3.6.1.4.1.9.9.43.1.1.6.1.5.29 = 4
2025-03-31 13:20:51,UNKNOWN,SNMP_TRAP,trap,,,1.3.6.1.2.1.1.3.0 = 1211629 | 1.3.6.1.6.3.1.1.4.1.0 = 1.3.6.1.4.1.9.9.43.2.0.1 | 1.3.6.1.6.3.18.1.3.0 = 1.0.0.4 | 1.3.6.1.6.3.18.1.4.0 = public | 1.3.6.1.6.3.1.1.4.3.0 = 1.3.6.1.4.1.9.9.43.2 | 1.3.6.1.4.1.9.9.43.1.1.6.1.3.30 = 1 | 1.3.6.1.4.1.9.9.43.1.1.6.1.4.30 = 2 | 1.3.6.1.4.1.9.9.43.1.1.6.1.5.30 = 3
2025-03-31 13:40:18,UNKNOWN,SNMP_TRAP,trap,,,1.3.6.1.2.1.1.3.0 = 1328252 | 1.3.6.1.6.3.1.1.4.1.0 = 1.3.6.1.4.1.9.9.43.2.0.1 | 1.3.6.1.6.3.18.1.3.0 = 1.0.0.4 | 1.3.6.1.6.3.18.1.4.0 = public | 1.3.6.1.6.3.1.1.4.3.0 = 1.3.6.1.4.1.9.9.43.2 | 1.3.6.1.4.1.9.9.43.1.1.6.1.3.31 = 1 | 1.3.6.1.4.1.9.9.43.1.1.6.1.4.31 = 2 | 1.3.6.1.4.1.9.9.43.1.1.6.1.5.31 = 3
2025-03-31 13:40:18,UNKNOWN,SNMP_TRAP,trap,,,1.3.6.1.2.1.1.3.0 = 1328356 | 1.3.6.1.6.3.1.1.4.1.0 = 1.3.6.1.4.1.9.9.43.2.0.1 | 1.3.6.1.6.3.18.1.3.0 = 1.0.0.4 | 1.3.6.1.6.3.18.1.4.0 = public | 1.3.6.1.6.3.1.1.4.3.0 = 1.3.6.1.4.1.9.9.43.2 | 1.3.6.1.4.1.9.9.43.1.1.6.1.3.32 = 1 | 1.3.6.1.4.1.9.9.43.1.1.6.1.4.32 = 3 | 1.3.6.1.4.1.9.9.43.1.1.6.1.5.32 = 4
2025-03-31 13:40:20,UNKNOWN,SNMP_TRAP,trap,,,1.3.6.1.2.1.1.3.0 = 1328566 | 1.3.6.1.6.3.1.1.4.1.0 = 1.3.6.1.6.3.1.1.5.3 | 1.3.6.1.6.3.18.1.3.0 = 1.0.0.4 | 1.3.6.1.6.3.18.1.4.0 = public | 1.3.6.1.6.3.1.1.4.3.0 = 1.3.6.1.6.3.1.1.5 | 1.3.6.1.2.1.2.2.1.1.3 = 3 | 1.3.6.1.2.1.2.2.1.2.3 = FastEthernet2/0 | 1.3.6.1.2.1.2.2.1.3.3 = 6 | 1.3.6.1.4.1.9.2.2.1.1.20.3 = administratively down
2025-03-31 13:40:53,UNKNOWN,SNMP_TRAP,trap,,,1.3.6.1.2.1.1.3.0 = 1331812 | 1.3.6.1.6.3.1.1.4.1.0 = 1.3.6.1.4.1.9.9.43.2.0.1 | 1.3.6.1.6.3.18.1.3.0 = 1.0.0.4 | 1.3.6.1.6.3.18.1.4.0 = public | 1.3.6.1.6.3.1.1.4.3.0 = 1.3.6.1.4.1.9.9.43.2 | 1.3.6.1.4.1.9.9.43.1.1.6.1.3.33 = 1 | 1.3.6.1.4.1.9.9.43.1.1.6.1.4.33 = 2 | 1.3.6.1.4.1.9.9.43.1.1.6.1.5.33 = 3
2025-03-31 13:40:55,UNKNOWN,SNMP_TRAP,trap,,,"1.3.6.1.2.1.1.3.0 = 1332018 | 1.3.6.1.6.3.1.1.4.1.0 = 1.3.6.1.4.1.9.9.41.2.0.1 | 1.3.6.1.6.3.18.1.3.0 = 1.0.0.4 | 1.3.6.1.6.3.18.1.4.0 = public | 1.3.6.1.6.3.1.1.4.3.0 = 1.3.6.1.4.1.9.9.41.2 | 1.3.6.1.4.1.9.9.41.1.2.3.1.2.14 = LINK | 1.3.6.1.4.1.9.9.41.1.2.3.1.3.14 = 4 | 1.3.6.1.4.1.9.9.41.1.2.3.1.4.14 = UPDOWN | 1.3.6.1.4.1.9.9.41.1.2.3.1.5.14 = Interface FastEthernet2/0, changed state to up | 1.3.6.1.4.1.9.9.41.1.2.3.1.6.14 = 1332016"
2025-03-31 13:40:56,UNKNOWN,SNMP_TRAP,trap,,,1.3.6.1.2.1.1.3.0 = 1332116 | 1.3.6.1.6.3.1.1.4.1.0 = 1.3.6.1.6.3.1.1.5.4 | 1.3.6.1.6.3.18.1.3.0 = 1.0.0.4 | 1.3.6.1.6.3.18.1.4.0 = public | 1.3.6.1.6.3.1.1.4.3.0 = 1.3.6.1.6.3.1.1.5 | 1.3.6.1.2.1.2.2.1.1.3 = 3 | 1.3.6.1.2.1.2.2.1.2.3 = FastEthernet2/0 | 1.3.6.1.2.1.2.2.1.3.3 = 6 | 1.3.6.1.4.1.9.2.2.1.1.20.3 = up
2025-03-31 14:01:20,UNKNOWN,SNMP_TRAP,trap,,,1.3.6.1.2.1.1.3.0 = 1453563 | 1.3.6.1.6.3.1.1.4.1.0 = 1.3.6.1.4.1.9.9.43.2.0.1 | 1.3.6.1.6.3.18.1.3.0 = 1.0.0.4 | 1.3.6.1.6.3.18.1.4.0 = public | 1.3.6.1.6.3.1.1.4.3.0 = 1.3.6.1.4.1.9.9.43.2 | 1.3.6.1.4.1.9.9.43.1.1.6.1.3.34 = 1 | 1.3.6.1.4.1.9.9.43.1.1.6.1.4.34 = 3 | 1.3.6.1.4.1.9.9.43.1.1.6.1.5.34 = 4
2025-03-31 14:01:23,UNKNOWN,SNMP_TRAP,trap,,,1.3.6.1.2.1.1.3.0 = 1453799 | 1.3.6.1.6.3.1.1.4.1.0 = 1.3.6.1.6.3.1.1.5.3 | 1.3.6.1.6.3.18.1.3.0 = 1.0.0.4 | 1.3.6.1.6.3.18.1.4.0 = public | 1.3.6.1.6.3.1.1.4.3.0 = 1.3.6.1.6.3.1.1.5 | 1.3.6.1.2.1.2.2.1.1.2 = 2 | 1.3.6.1.2.1.2.2.1.2.2 = FastEthernet1/0 | 1.3.6.1.2.1.2.2.1.3.2 = 6 | 1.3.6.1.4.1.9.2.2.1.1.20.2 = administratively down
2025-03-31 14:01:41,UNKNOWN,SNMP_TRAP,trap,,,1.3.6.1.2.1.1.3.0 = 1455622 | 1.3.6.1.6.3.1.1.4.1.0 = 1.3.6.1.4.1.9.9.43.2.0.1 | 1.3.6.1.6.3.18.1.3.0 = 1.0.0.4 | 1.3.6.1.6.3.18.1.4.0 = public | 1.3.6.1.6.3.1.1.4.3.0 = 1.3.6.1.4.1.9.9.43.2 | 1.3.6.1.4.1.9.9.43.1.1.6.1.3.35 = 1 | 1.3.6.1.4.1.9.9.43.1.1.6.1.4.35 = 2 | 1.3.6.1.4.1.9.9.43.1.1.6.1.5.35 = 3
2025-03-31 14:01:43,UNKNOWN,SNMP_TRAP,trap,,,"1.3.6.1.2.1.1.3.0 = 1455827 | 1.3.6.1.6.3.1.1.4.1.0 = 1.3.6.1.4.1.9.9.41.2.0.1 | 1.3.6.1.6.3.18.1.3.0 = 1.0.0.4 | 1.3.6.1.6.3.18.1.4.0 = public | 1.3.6.1.6.3.1.1.4.3.0 = 1.3.6.1.4.1.9.9.41.2 | 1.3.6.1.4.1.9.9.41.1.2.3.1.2.15 = LINK | 1.3.6.1.4.1.9.9.41.1.2.3.1.3.15 = 4 | 1.3.6.1.4.1.9.9.41.1.2.3.1.4.15 = UPDOWN | 1.3.6.1.4.1.9.9.41.1.2.3.1.5.15 = Interface FastEthernet1/0, changed state to up | 1.3.6.1.4.1.9.9.41.1.2.3.1.6.15 = 1455825"
2025-03-31 14:01:44,UNKNOWN,SNMP_TRAP,trap,,,1.3.6.1.2.1.1.3.0 = 1455926 | 1.3.6.1.6.3.1.1.4.1.0 = 1.3.6.1.6.3.1.1.5.4 | 1.3.6.1.6.3.18.1.3.0 = 1.0.0.4 | 1.3.6.1.6.3.18.1.4.0 = public | 1.3.6.1.6.3.1.1.4.3.0 = 1.3.6.1.6.3.1.1.5 | 1.3.6.1.2.1.2.2.1.1.2 = 2 | 1.3.6.1.2.1.2.2.1.2.2 = FastEthernet1/0 | 1.3.6.1.2.1.2.2.1.3.2 = 6 | 1.3.6.1.4.1.9.2.2.1.1.20.2 = up
2025-03-31 14:26:14,UNKNOWN,SNMP_TRAP,trap,,,1.3.6.1.2.1.1.3.0 = 1602691 | 1.3.6.1.6.3.1.1.4.1.0 = 1.3.6.1.4.1.9.9.43.2.0.1 | 1.3.6.1.6.3.18.1.3.0 = 1.0.0.4 | 1.3.6.1.6.3.18.1.4.0 = public | 1.3.6.1.6.3.1.1.4.3.0 = 1.3.6.1.4.1.9.9.43.2 | 1.3.6.1.4.1.9.9.43.1.1.6.1.3.36 = 1 | 1.3.6.1.4.1.9.9.43.1.1.6.1.4.36 = 3 | 1.3.6.1.4.1.9.9.43.1.1.6.1.5.36 = 4
2025-03-31 14:26:14,UNKNOWN,SNMP_TRAP,trap,,,1.3.6.1.2.1.1.3.0 = 1602916 | 1.3.6.1.6.3.1.1.4.1.0 = 1.3.6.1.6.3.1.1.5.3 | 1.3.6.1.6.3.18.1.3.0 = 1.0.0.4 | 1.3.6.1.6.3.18.1.4.0 = public | 1.3.6.1.6.3.1.1.4.3.0 = 1.3.6.1.6.3.1.1.5 | 1.3.6.1.2.1.2.2.1.1.3 = 3 | 1.3.6.1.2.1.2.2.1.2.3 = FastEthernet2/0 | 1.3.6.1.2.1.2.2.1.3.3 = 6 | 1.3.6.1.4.1.9.2.2.1.1.20.3 = administratively down
2025-03-31 14:26:47,UNKNOWN,SNMP_TRAP,trap,,,1.3.6.1.2.1.1.3.0 = 1606261 | 1.3.6.1.6.3.1.1.4.1.0 = 1.3.6.1.4.1.9.9.43.2.0.1 | 1.3.6.1.6.3.18.1.3.0 = 1.0.0.4 | 1.3.6.1.6.3.18.1.4.0 = public | 1.3.6.1.6.3.1.1.4.3.0 = 1.3.6.1.4.1.9.9.43.2 | 1.3.6.1.4.1.9.9.43.1.1.6.1.3.37 = 1 | 1.3.6.1.4.1.9.9.43.1.1.6.1.4.37 = 2 | 1.3.6.1.4.1.9.9.43.1.1.6.1.5.37 = 3
2025-03-31 14:26:49,UNKNOWN,SNMP_TRAP,trap,,,"1.3.6.1.2.1.1.3.0 = 1606466 | 1.3.6.1.6.3.1.1.4.1.0 = 1.3.6.1.4.1.9.9.41.2.0.1 | 1.3.6.1.6.3.18.1.3.0 = 1.0.0.4 | 1.3.6.1.6.3.18.1.4.0 = public | 1.3.6.1.6.3.1.1.4.3.0 = 1.3.6.1.4.1.9.9.41.2 | 1.3.6.1.4.1.9.9.41.1.2.3.1.2.16 = LINK | 1.3.6.1.4.1.9.9.41.1.2.3.1.3.16 = 4 | 1.3.6.1.4.1.9.9.41.1.2.3.1.4.16 = UPDOWN | 1.3.6.1.4.1.9.9.41.1.2.3.1.5.16 = Interface FastEthernet2/0, changed state to up | 1.3.6.1.4.1.9.9.41.1.2.3.1.6.16 = 1606464"
2025-03-31 14:26:50,UNKNOWN,SNMP_TRAP,trap,,,1.3.6.1.2.1.1.3.0 = 1606565 | 1.3.6.1.6.3.1.1.4.1.0 = 1.3.6.1.6.3.1.1.5.4 | 1.3.6.1.6.3.18.1.3.0 = 1.0.0.4 | 1.3.6.1.6.3.18.1.4.0 = public | 1.3.6.1.6.3.1.1.4.3.0 = 1.3.6.1.6.3.1.1.5 | 1.3.6.1.2.1.2.2.1.1.3 = 3 | 1.3.6.1.2.1.2.2.1.2.3 = FastEthernet2/0 | 1.3.6.1.2.1.2.2.1.3.3 = 6 | 1.3.6.1.4.1.9.2.2.1.1.20.3 = up
2025-03-31 14:50:10,UNKNOWN,SNMP_TRAP,trap,,,1.3.6.1.2.1.1.3.0 = 1746537 | 1.3.6.1.6.3.1.1.4.1.0 = 1.3.6.1.4.1.9.9.43.2.0.1 | 1.3.6.1.6.3.18.1.3.0 = 1.0.0.4 | 1.3.6.1.6.3.18.1.4.0 = public | 1.3.6.1.6.3.1.1.4.3.0 = 1.3.6.1.4.1.9.9.43.2 | 1.3.6.1.4.1.9.9.43.1.1.6.1.3.38 = 1 | 1.3.6.1.4.1.9.9.43.1.1.6.1.4.38 = 3 | 1.3.6.1.4.1.9.9.43.1.1.6.1.5.38 = 4
2025-03-31 14:50:12,UNKNOWN,SNMP_TRAP,trap,,,1.3.6.1.2.1.1.3.0 = 1746754 | 1.3.6.1.6.3.1.1.4.1.0 = 1.3.6.1.6.3.1.1.5.3 | 1.3.6.1.6.3.18.1.3.0 = 1.0.0.4 | 1.3.6.1.6.3.18.1.4.0 = public | 1.3.6.1.6.3.1.1.4.3.0 = 1.3.6.1.6.3.1.1.5 | 1.3.6.1.2.1.2.2.1.1.3 = 3 | 1.3.6.1.2.1.2.2.1.2.3 = FastEthernet2/0 | 1.3.6.1.2.1.2.2.1.3.3 = 6 | 1.3.6.1.4.1.9.2.2.1.1.20.3 = administratively down
2025-03-31 14:50:50,UNKNOWN,SNMP_TRAP,trap,,,1.3.6.1.2.1.1.3.0 = 1750496 | 1.3.6.1.6.3.1.1.4.1.0 = 1.3.6.1.4.1.9.9.43.2.0.1 | 1.3.6.1.6.3.18.1.3.0 = 1.0.0.4 | 1.3.6.1.6.3.18.1.4.0 = public | 1.3.6.1.6.3.1.1.4.3.0 = 1.3.6.1.4.1.9.9.43.2 | 1.3.6.1.4.1.9.9.43.1.1.6.1.3.39 = 1 | 1.3.6.1.4.1.9.9.43.1.1.6.1.4.39 = 2 | 1.3.6.1.4.1.9.9.43.1.1.6.1.5.39 = 3
2025-03-31 14:50:52,UNKNOWN,SNMP_TRAP,trap,,,"1.3.6.1.2.1.1.3.0 = 1750701 | 1.3.6.1.6.3.1.1.4.1.0 = 1.3.6.1.4.1.9.9.41.2.0.1 | 1.3.6.1.6.3.18.1.3.0 = 1.0.0.4 | 1.3.6.1.6.3.18.1.4.0 = public | 1.3.6.1.6.3.1.1.4.3.0 = 1.3.6.1.4.1.9.9.41.2 | 1.3.6.1.4.1.9.9.41.1.2.3.1.2.17 = LINK | 1.3.6.1.4.1.9.9.41.1.2.3.1.3.17 = 4 | 1.3.6.1.4.1.9.9.41.1.2.3.1.4.17 = UPDOWN | 1.3.6.1.4.1.9.9.41.1.2.3.1.5.17 = Interface FastEthernet2/0, changed state to up | 1.3.6.1.4.1.9.9.41.1.2.3.1.6.17 = 1750699"
2025-03-31 14:50:53,UNKNOWN,SNMP_TRAP,trap,,,1.3.6.1.2.1.1.3.0 = 1750800 | 1.3.6.1.6.3.1.1.4.1.0 = 1.3.6.1.6.3.1.1.5.4 | 1.3.6.1.6.3.18.1.3.0 = 1.0.0.4 | 1.3.6.1.6.3.18.1.4.0 = public | 1.3.6.1.6.3.1.1.4.3.0 = 1.3.6.1.6.3.1.1.5 | 1.3.6.1.2.1.2.2.1.1.3 = 3 | 1.3.6.1.2.1.2.2.1.2.3 = FastEthernet2/0 | 1.3.6.1.2.1.2.2.1.3.3 = 6 | 1.3.6.1.4.1.9.2.2.1.1.20.3 = up
2025-03-31 15:16:53,UNKNOWN,SNMP_TRAP,trap,,,1.3.6.1.2.1.1.3.0 = 1906819 | 1.3.6.1.6.3.1.1.4.1.0 = 1.3.6.1.4.1.9.9.43.2.0.1 | 1.3.6.1.6.3.18.1.3.0 = 1.0.0.4 | 1.3.6.1.6.3.18.1.4.0 = public | 1.3.6.1.6.3.1.1.4.3.0 = 1.3.6.1.4.1.9.9.43.2 | 1.3.6.1.4.1.9.9.43.1.1.6.1.3.40 = 1 | 1.3.6.1.4.1.9.9.43.1.1.6.1.4.40 = 3 | 1.3.6.1.4.1.9.9.43.1.1.6.1.5.40 = 4
2025-03-31 15:16:54,UNKNOWN,SNMP_TRAP,trap,,,1.3.6.1.2.1.1.3.0 = 1906921 | 1.3.6.1.6.3.1.1.4.1.0 = 1.3.6.1.6.3.1.1.5.3 | 1.3.6.1.6.3.18.1.3.0 = 1.0.0.4 | 1.3.6.1.6.3.18.1.4.0 = public | 1.3.6.1.6.3.1.1.4.3.0 = 1.3.6.1.6.3.1.1.5 | 1.3.6.1.2.1.2.2.1.1.2 = 2 | 1.3.6.1.2.1.2.2.1.2.2 = FastEthernet1/0 | 1.3.6.1.2.1.2.2.1.3.2 = 6 | 1.3.6.1.4.1.9.2.2.1.1.20.2 = administratively down
2025-03-31 15:17:28,UNKNOWN,SNMP_TRAP,trap,,,1.3.6.1.2.1.1.3.0 = 1910336 | 1.3.6.1.6.3.1.1.4.1.0 = 1.3.6.1.4.1.9.9.43.2.0.1 | 1.3.6.1.6.3.18.1.3.0 = 1.0.0.4 | 1.3.6.1.6.3.18.1.4.0 = public | 1.3.6.1.6.3.1.1.4.3.0 = 1.3.6.1.4.1.9.9.43.2 | 1.3.6.1.4.1.9.9.43.1.1.6.1.3.41 = 1 | 1.3.6.1.4.1.9.9.43.1.1.6.1.4.41 = 2 | 1.3.6.1.4.1.9.9.43.1.1.6.1.5.41 = 3
2025-03-31 15:17:30,UNKNOWN,SNMP_TRAP,trap,,,"1.3.6.1.2.1.1.3.0 = 1910541 | 1.3.6.1.6.3.1.1.4.1.0 = 1.3.6.1.4.1.9.9.41.2.0.1 | 1.3.6.1.6.3.18.1.3.0 = 1.0.0.4 | 1.3.6.1.6.3.18.1.4.0 = public | 1.3.6.1.6.3.1.1.4.3.0 = 1.3.6.1.4.1.9.9.41.2 | 1.3.6.1.4.1.9.9.41.1.2.3.1.2.18 = LINK | 1.3.6.1.4.1.9.9.41.1.2.3.1.3.18 = 4 | 1.3.6.1.4.1.9.9.41.1.2.3.1.4.18 = UPDOWN | 1.3.6.1.4.1.9.9.41.1.2.3.1.5.18 = Interface FastEthernet1/0, changed state to up | 1.3.6.1.4.1.9.9.41.1.2.3.1.6.18 = 1910539"
2025-03-31 15:17:31,UNKNOWN,SNMP_TRAP,trap,,,1.3.6.1.2.1.1.3.0 = 1910640 | 1.3.6.1.6.3.1.1.4.1.0 = 1.3.6.1.6.3.1.1.5.4 | 1.3.6.1.6.3.18.1.3.0 = 1.0.0.4 | 1.3.6.1.6.3.18.1.4.0 = public | 1.3.6.1.6.3.1.1.4.3.0 = 1.3.6.1.6.3.1.1.5 | 1.3.6.1.2.1.2.2.1.1.2 = 2 | 1.3.6.1.2.1.2.2.1.2.2 = FastEthernet1/0 | 1.3.6.1.2.1.2.2.1.3.2 = 6 | 1.3.6.1.4.1.9.2.2.1.1.20.2 = up
2025-03-31 15:38:02,UNKNOWN,SNMP_TRAP,trap,,,1.3.6.1.2.1.1.3.0 = 2033764 | 1.3.6.1.6.3.1.1.4.1.0 = 1.3.6.1.4.1.9.9.43.2.0.1 | 1.3.6.1.6.3.18.1.3.0 = 1.0.0.4 | 1.3.6.1.6.3.18.1.4.0 = public | 1.3.6.1.6.3.1.1.4.3.0 = 1.3.6.1.4.1.9.9.43.2 | 1.3.6.1.4.1.9.9.43.1.1.6.1.3.42 = 1 | 1.3.6.1.4.1.9.9.43.1.1.6.1.4.42 = 3 | 1.3.6.1.4.1.9.9.43.1.1.6.1.5.42 = 4
2025-03-31 15:38:05,UNKNOWN,SNMP_TRAP,trap,,,1.3.6.1.2.1.1.3.0 = 2033989 | 1.3.6.1.6.3.1.1.4.1.0 = 1.3.6.1.6.3.1.1.5.3 | 1.3.6.1.6.3.18.1.3.0 = 1.0.0.4 | 1.3.6.1.6.3.18.1.4.0 = public | 1.3.6.1.6.3.1.1.4.3.0 = 1.3.6.1.6.3.1.1.5 | 1.3.6.1.2.1.2.2.1.1.3 = 3 | 1.3.6.1.2.1.2.2.1.2.3 = FastEthernet2/0 | 1.3.6.1.2.1.2.2.1.3.3 = 6 | 1.3.6.1.4.1.9.2.2.1.1.20.3 = administratively down
2025-03-31 15:38:41,UNKNOWN,SNMP_TRAP,trap,,,1.3.6.1.2.1.1.3.0 = 2037634 | 1.3.6.1.6.3.1.1.4.1.0 = 1.3.6.1.4.1.9.9.43.2.0.1 | 1.3.6.1.6.3.18.1.3.0 = 1.0.0.4 | 1.3.6.1.6.3.18.1.4.0 = public | 1.3.6.1.6.3.1.1.4.3.0 = 1.3.6.1.4.1.9.9.43.2 | 1.3.6.1.4.1.9.9.43.1.1.6.1.3.43 = 1 | 1.3.6.1.4.1.9.9.43.1.1.6.1.4.43 = 2 | 1.3.6.1.4.1.9.9.43.1.1.6.1.5.43 = 3
2025-03-31 15:38:43,UNKNOWN,SNMP_TRAP,trap,,,"1.3.6.1.2.1.1.3.0 = 2037840 | 1.3.6.1.6.3.1.1.4.1.0 = 1.3.6.1.4.1.9.9.41.2.0.1 | 1.3.6.1.6.3.18.1.3.0 = 1.0.0.4 | 1.3.6.1.6.3.18.1.4.0 = public | 1.3.6.1.6.3.1.1.4.3.0 = 1.3.6.1.4.1.9.9.41.2 | 1.3.6.1.4.1.9.9.41.1.2.3.1.2.19 = LINK | 1.3.6.1.4.1.9.9.41.1.2.3.1.3.19 = 4 | 1.3.6.1.4.1.9.9.41.1.2.3.1.4.19 = UPDOWN | 1.3.6.1.4.1.9.9.41.1.2.3.1.5.19 = Interface FastEthernet2/0, changed state to up | 1.3.6.1.4.1.9.9.41.1.2.3.1.6.19 = 2037838"
2025-03-31 15:38:44,UNKNOWN,SNMP_TRAP,trap,,,1.3.6.1.2.1.1.3.0 = 2037938 | 1.3.6.1.6.3.1.1.4.1.0 = 1.3.6.1.6.3.1.1.5.4 | 1.3.6.1.6.3.18.1.3.0 = 1.0.0.4 | 1.3.6.1.6.3.18.1.4.0 = public | 1.3.6.1.6.3.1.1.4.3.0 = 1.3.6.1.6.3.1.1.5 | 1.3.6.1.2.1.2.2.1.1.3 = 3 | 1.3.6.1.2.1.2.2.1.2.3 = FastEthernet2/0 | 1.3.6.1.2.1.2.2.1.3.3 = 6 | 1.3.6.1.4.1.9.2.2.1.1.20.3 = up
2025-03-31 15:57:33,UNKNOWN,SNMP_TRAP,trap,,,1.3.6.1.2.1.1.3.0 = 2149818 | 1.3.6.1.6.3.1.1.4.1.0 = 1.3.6.1.4.1.9.9.43.2.0.1 | 1.3.6.1.6.3.18.1.3.0 = 1.0.0.4 | 1.3.6.1.6.3.18.1.4.0 = public | 1.3.6.1.6.3.1.1.4.3.0 = 1.3.6.1.4.1.9.9.43.2 | 1.3.6.1.4.1.9.9.43.1.1.6.1.3.44 = 1 | 1.3.6.1.4.1.9.9.43.1.1.6.1.4.44 = 3 | 1.3.6.1.4.1.9.9.43.1.1.6.1.5.44 = 4
2025-03-31 15:58:12,UNKNOWN,SNMP_TRAP,trap,,,1.3.6.1.2.1.1.3.0 = 2153752 | 1.3.6.1.6.3.1.1.4.1.0 = 1.3.6.1.4.1.9.9.43.2.0.1 | 1.3.6.1.6.3.18.1.3.0 = 1.0.0.4 | 1.3.6.1.6.3.18.1.4.0 = public | 1.3.6.1.6.3.1.1.4.3.0 = 1.3.6.1.4.1.9.9.43.2 | 1.3.6.1.4.1.9.9.43.1.1.6.1.3.45 = 1 | 1.3.6.1.4.1.9.9.43.1.1.6.1.4.45 = 2 | 1.3.6.1.4.1.9.9.43.1.1.6.1.5.45 = 3
2025-03-31 16:20:09,UNKNOWN,SNMP_TRAP,trap,,,1.3.6.1.2.1.1.3.0 = 2285395 | 1.3.6.1.6.3.1.1.4.1.0 = 1.3.6.1.4.1.9.9.43.2.0.1 | 1.3.6.1.6.3.18.1.3.0 = 1.0.0.4 | 1.3.6.1.6.3.18.1.4.0 = public | 1.3.6.1.6.3.1.1.4.3.0 = 1.3.6.1.4.1.9.9.43.2 | 1.3.6.1.4.1.9.9.43.1.1.6.1.3.46 = 1 | 1.3.6.1.4.1.9.9.43.1.1.6.1.4.46 = 3 | 1.3.6.1.4.1.9.9.43.1.1.6.1.5.46 = 4
2025-03-31 16:20:10,UNKNOWN,SNMP_TRAP,trap,,,1.3.6.1.2.1.1.3.0 = 2285580 | 1.3.6.1.6.3.1.1.4.1.0 = 1.3.6.1.6.3.1.1.5.3 | 1.3.6.1.6.3.18.1.3.0 = 1.0.0.4 | 1.3.6.1.6.3.18.1.4.0 = public | 1.3.6.1.6.3.1.1.4.3.0 = 1.3.6.1.6.3.1.1.5 | 1.3.6.1.2.1.2.2.1.1.3 = 3 | 1.3.6.1.2.1.2.2.1.2.3 = FastEthernet2/0 | 1.3.6.1.2.1.2.2.1.3.3 = 6 | 1.3.6.1.4.1.9.2.2.1.1.20.3 = administratively down
2025-03-31 16:20:42,UNKNOWN,SNMP_TRAP,trap,,,1.3.6.1.2.1.1.3.0 = 2288715 | 1.3.6.1.6.3.1.1.4.1.0 = 1.3.6.1.4.1.9.9.43.2.0.1 | 1.3.6.1.6.3.18.1.3.0 = 1.0.0.4 | 1.3.6.1.6.3.18.1.4.0 = public | 1.3.6.1.6.3.1.1.4.3.0 = 1.3.6.1.4.1.9.9.43.2 | 1.3.6.1.4.1.9.9.43.1.1.6.1.3.47 = 1 | 1.3.6.1.4.1.9.9.43.1.1.6.1.4.47 = 2 | 1.3.6.1.4.1.9.9.43.1.1.6.1.5.47 = 3
2025-03-31 16:20:44,UNKNOWN,SNMP_TRAP,trap,,,"1.3.6.1.2.1.1.3.0 = 2288920 | 1.3.6.1.6.3.1.1.4.1.0 = 1.3.6.1.4.1.9.9.41.2.0.1 | 1.3.6.1.6.3.18.1.3.0 = 1.0.0.4 | 1.3.6.1.6.3.18.1.4.0 = public | 1.3.6.1.6.3.1.1.4.3.0 = 1.3.6.1.4.1.9.9.41.2 | 1.3.6.1.4.1.9.9.41.1.2.3.1.2.20 = LINK | 1.3.6.1.4.1.9.9.41.1.2.3.1.3.20 = 4 | 1.3.6.1.4.1.9.9.41.1.2.3.1.4.20 = UPDOWN | 1.3.6.1.4.1.9.9.41.1.2.3.1.5.20 = Interface FastEthernet2/0, changed state to up | 1.3.6.1.4.1.9.9.41.1.2.3.1.6.20 = 2288918"
2025-03-31 16:20:45,UNKNOWN,SNMP_TRAP,trap,,,1.3.6.1.2.1.1.3.0 = 2289018 | 1.3.6.1.6.3.1.1.4.1.0 = 1.3.6.1.6.3.1.1.5.4 | 1.3.6.1.6.3.18.1.3.0 = 1.0.0.4 | 1.3.6.1.6.3.18.1.4.0 = public | 1.3.6.1.6.3.1.1.4.3.0 = 1.3.6.1.6.3.1.1.5 | 1.3.6.1.2.1.2.2.1.1.3 = 3 | 1.3.6.1.2.1.2.2.1.2.3 = FastEthernet2/0 | 1.3.6.1.2.1.2.2.1.3.3 = 6 | 1.3.6.1.4.1.9.2.2.1.1.20.3 = up
2025-03-31 16:37:57,UNKNOWN,SNMP_TRAP,trap,,,1.3.6.1.2.1.1.3.0 = 2391541 | 1.3.6.1.6.3.1.1.4.1.0 = 1.3.6.1.4.1.9.9.43.2.0.1 | 1.3.6.1.6.3.18.1.3.0 = 1.0.0.4 | 1.3.6.1.6.3.18.1.4.0 = public | 1.3.6.1.6.3.1.1.4.3.0 = 1.3.6.1.4.1.9.9.43.2 | 1.3.6.1.4.1.9.9.43.1.1.6.1.3.48 = 1 | 1.3.6.1.4.1.9.9.43.1.1.6.1.4.48 = 3 | 1.3.6.1.4.1.9.9.43.1.1.6.1.5.48 = 4
2025-03-31 16:38:24,UNKNOWN,SNMP_TRAP,trap,,,1.3.6.1.2.1.1.3.0 = 2394884 | 1.3.6.1.6.3.1.1.4.1.0 = 1.3.6.1.4.1.9.9.43.2.0.1 | 1.3.6.1.6.3.18.1.3.0 = 1.0.0.4 | 1.3.6.1.6.3.18.1.4.0 = public | 1.3.6.1.6.3.1.1.4.3.0 = 1.3.6.1.4.1.9.9.43.2 | 1.3.6.1.4.1.9.9.43.1.1.6.1.3.49 = 1 | 1.3.6.1.4.1.9.9.43.1.1.6.1.4.49 = 2 | 1.3.6.1.4.1.9.9.43.1.1.6.1.5.49 = 3
2025-03-31 16:38:25,UNKNOWN,SNMP_TRAP,trap,,,1.3.6.1.2.1.1.3.0 = 2394994 | 1.3.6.1.6.3.1.1.4.1.0 = 1.3.6.1.4.1.9.9.43.2.0.1 | 1.3.6.1.6.3.18.1.3.0 = 1.0.0.4 | 1.3.6.1.6.3.18.1.4.0 = public | 1.3.6.1.6.3.1.1.4.3.0 = 1.3.6.1.4.1.9.9.43.2 | 1.3.6.1.4.1.9.9.43.1.1.6.1.3.50 = 1 | 1.3.6.1.4.1.9.9.43.1.1.6.1.4.50 = 3 | 1.3.6.1.4.1.9.9.43.1.1.6.1.5.50 = 4
2025-03-31 17:10:02,UNKNOWN,SNMP_TRAP,trap,,,1.3.6.1.2.1.1.3.0 = 2584741 | 1.3.6.1.6.3.1.1.4.1.0 = 1.3.6.1.4.1.9.9.43.2.0.1 | 1.3.6.1.6.3.18.1.3.0 = 1.0.0.4 | 1.3.6.1.6.3.18.1.4.0 = public | 1.3.6.1.6.3.1.1.4.3.0 = 1.3.6.1.4.1.9.9.43.2 | 1.3.6.1.4.1.9.9.43.1.1.6.1.3.51 = 1 | 1.3.6.1.4.1.9.9.43.1.1.6.1.4.51 = 2 | 1.3.6.1.4.1.9.9.43.1.1.6.1.5.51 = 3
2025-03-31 17:10:03,UNKNOWN,SNMP_TRAP,trap,,,1.3.6.1.2.1.1.3.0 = 2584840 | 1.3.6.1.6.3.1.1.4.1.0 = 1.3.6.1.4.1.9.9.43.2.0.1 | 1.3.6.1.6.3.18.1.3.0 = 1.0.0.4 | 1.3.6.1.6.3.18.1.4.0 = public | 1.3.6.1.6.3.1.1.4.3.0 = 1.3.6.1.4.1.9.9.43.2 | 1.3.6.1.4.1.9.9.43.1.1.6.1.3.52 = 1 | 1.3.6.1.4.1.9.9.43.1.1.6.1.4.52 = 3 | 1.3.6.1.4.1.9.9.43.1.1.6.1.5.52 = 4
2025-03-31 17:10:05,UNKNOWN,SNMP_TRAP,trap,,,1.3.6.1.2.1.1.3.0 = 2585053 | 1.3.6.1.6.3.1.1.4.1.0 = 1.3.6.1.6.3.1.1.5.3 | 1.3.6.1.6.3.18.1.3.0 = 1.0.0.4 | 1.3.6.1.6.3.18.1.4.0 = public | 1.3.6.1.6.3.1.1.4.3.0 = 1.3.6.1.6.3.1.1.5 | 1.3.6.1.2.1.2.2.1.1.3 = 3 | 1.3.6.1.2.1.2.2.1.2.3 = FastEthernet2/0 | 1.3.6.1.2.1.2.2.1.3.3 = 6 | 1.3.6.1.4.1.9.2.2.1.1.20.3 = administratively down
2025-03-31 17:10:43,UNKNOWN,SNMP_TRAP,trap,,,1.3.6.1.2.1.1.3.0 = 2588777 | 1.3.6.1.6.3.1.1.4.1.0 = 1.3.6.1.4.1.9.9.43.2.0.1 | 1.3.6.1.6.3.18.1.3.0 = 1.0.0.4 | 1.3.6.1.6.3.18.1.4.0 = public | 1.3.6.1.6.3.1.1.4.3.0 = 1.3.6.1.4.1.9.9.43.2 | 1.3.6.1.4.1.9.9.43.1.1.6.1.3.53 = 1 | 1.3.6.1.4.1.9.9.43.1.1.6.1.4.53 = 2 | 1.3.6.1.4.1.9.9.43.1.1.6.1.5.53 = 3
2025-03-31 17:10:45,UNKNOWN,SNMP_TRAP,trap,,,"1.3.6.1.2.1.1.3.0 = 2588983 | 1.3.6.1.6.3.1.1.4.1.0 = 1.3.6.1.4.1.9.9.41.2.0.1 | 1.3.6.1.6.3.18.1.3.0 = 1.0.0.4 | 1.3.6.1.6.3.18.1.4.0 = public | 1.3.6.1.6.3.1.1.4.3.0 = 1.3.6.1.4.1.9.9.41.2 | 1.3.6.1.4.1.9.9.41.1.2.3.1.2.21 = LINK | 1.3.6.1.4.1.9.9.41.1.2.3.1.3.21 = 4 | 1.3.6.1.4.1.9.9.41.1.2.3.1.4.21 = UPDOWN | 1.3.6.1.4.1.9.9.41.1.2.3.1.5.21 = Interface FastEthernet2/0, changed state to up | 1.3.6.1.4.1.9.9.41.1.2.3.1.6.21 = 2588981"
2025-03-31 17:10:46,UNKNOWN,SNMP_TRAP,trap,,,1.3.6.1.2.1.1.3.0 = 2589081 | 1.3.6.1.6.3.1.1.4.1.0 = 1.3.6.1.6.3.1.1.5.4 | 1.3.6.1.6.3.18.1.3.0 = 1.0.0.4 | 1.3.6.1.6.3.18.1.4.0 = public | 1.3.6.1.6.3.1.1.4.3.0 = 1.3.6.1.6.3.1.1.5 | 1.3.6.1.2.1.2.2.1.1.3 = 3 | 1.3.6.1.2.1.2.2.1.2.3 = FastEthernet2/0 | 1.3.6.1.2.1.2.2.1.3.3 = 6 | 1.3.6.1.4.1.9.2.2.1.1.20.3 = up
2025-03-31 17:28:04,UNKNOWN,SNMP_TRAP,trap,,,1.3.6.1.2.1.1.3.0 = 2692641 | 1.3.6.1.6.3.1.1.4.1.0 = 1.3.6.1.4.1.9.9.43.2.0.1 | 1.3.6.1.6.3.18.1.3.0 = 1.0.0.4 | 1.3.6.1.6.3.18.1.4.0 = public | 1.3.6.1.6.3.1.1.4.3.0 = 1.3.6.1.4.1.9.9.43.2 | 1.3.6.1.4.1.9.9.43.1.1.6.1.3.54 = 1 | 1.3.6.1.4.1.9.9.43.1.1.6.1.4.54 = 3 | 1.3.6.1.4.1.9.9.43.1.1.6.1.5.54 = 4
2025-03-31 17:28:04,UNKNOWN,SNMP_TRAP,trap,,,1.3.6.1.2.1.1.3.0 = 2692888 | 1.3.6.1.6.3.1.1.4.1.0 = 1.3.6.1.6.3.1.1.5.3 | 1.3.6.1.6.3.18.1.3.0 = 1.0.0.4 | 1.3.6.1.6.3.18.1.4.0 = public | 1.3.6.1.6.3.1.1.4.3.0 = 1.3.6.1.6.3.1.1.5 | 1.3.6.1.2.1.2.2.1.1.2 = 2 | 1.3.6.1.2.1.2.2.1.2.2 = FastEthernet1/0 | 1.3.6.1.2.1.2.2.1.3.2 = 6 | 1.3.6.1.4.1.9.2.2.1.1.20.2 = administratively down
2025-03-31 17:28:43,UNKNOWN,SNMP_TRAP,trap,,,1.3.6.1.2.1.1.3.0 = 2696814 | 1.3.6.1.6.3.1.1.4.1.0 = 1.3.6.1.4.1.9.9.43.2.0.1 | 1.3.6.1.6.3.18.1.3.0 = 1.0.0.4 | 1.3.6.1.6.3.18.1.4.0 = public | 1.3.6.1.6.3.1.1.4.3.0 = 1.3.6.1.4.1.9.9.43.2 | 1.3.6.1.4.1.9.9.43.1.1.6.1.3.55 = 1 | 1.3.6.1.4.1.9.9.43.1.1.6.1.4.55 = 2 | 1.3.6.1.4.1.9.9.43.1.1.6.1.5.55 = 3
2025-03-31 17:28:45,UNKNOWN,SNMP_TRAP,trap,,,"1.3.6.1.2.1.1.3.0 = 2697019 | 1.3.6.1.6.3.1.1.4.1.0 = 1.3.6.1.4.1.9.9.41.2.0.1 | 1.3.6.1.6.3.18.1.3.0 = 1.0.0.4 | 1.3.6.1.6.3.18.1.4.0 = public | 1.3.6.1.6.3.1.1.4.3.0 = 1.3.6.1.4.1.9.9.41.2 | 1.3.6.1.4.1.9.9.41.1.2.3.1.2.22 = LINK | 1.3.6.1.4.1.9.9.41.1.2.3.1.3.22 = 4 | 1.3.6.1.4.1.9.9.41.1.2.3.1.4.22 = UPDOWN | 1.3.6.1.4.1.9.9.41.1.2.3.1.5.22 = Interface FastEthernet1/0, changed state to up | 1.3.6.1.4.1.9.9.41.1.2.3.1.6.22 = 2697017"
2025-03-31 17:28:46,UNKNOWN,SNMP_TRAP,trap,,,1.3.6.1.2.1.1.3.0 = 2697117 | 1.3.6.1.6.3.1.1.4.1.0 = 1.3.6.1.6.3.1.1.5.4 | 1.3.6.1.6.3.18.1.3.0 = 1.0.0.4 | 1.3.6.1.6.3.18.1.4.0 = public | 1.3.6.1.6.3.1.1.4.3.0 = 1.3.6.1.6.3.1.1.5 | 1.3.6.1.2.1.2.2.1.1.2 = 2 | 1.3.6.1.2.1.2.2.1.2.2 = FastEthernet1/0 | 1.3.6.1.2.1.2.2.1.3.2 = 6 | 1.3.6.1.4.1.9.2.2.1.1.20.2 = up
2025-03-31 17:47:06,UNKNOWN,SNMP_TRAP,trap,,,1.3.6.1.2.1.1.3.0 = 2807078 | 1.3.6.1.6.3.1.1.4.1.0 = 1.3.6.1.4.1.9.9.43.2.0.1 | 1.3.6.1.6.3.18.1.3.0 = 1.0.0.4 | 1.3.6.1.6.3.18.1.4.0 = public | 1.3.6.1.6.3.1.1.4.3.0 = 1.3.6.1.4.1.9.9.43.2 | 1.3.6.1.4.1.9.9.43.1.1.6.1.3.56 = 1 | 1.3.6.1.4.1.9.9.43.1.1.6.1.4.56 = 3 | 1.3.6.1.4.1.9.9.43.1.1.6.1.5.56 = 4
2025-03-31 17:47:08,UNKNOWN,SNMP_TRAP,trap,,,1.3.6.1.2.1.1.3.0 = 2807296 | 1.3.6.1.6.3.1.1.4.1.0 = 1.3.6.1.6.3.1.1.5.3 | 1.3.6.1.6.3.18.1.3.0 = 1.0.0.4 | 1.3.6.1.6.3.18.1.4.0 = public | 1.3.6.1.6.3.1.1.4.3.0 = 1.3.6.1.6.3.1.1.5 | 1.3.6.1.2.1.2.2.1.1.2 = 2 | 1.3.6.1.2.1.2.2.1.2.2 = FastEthernet1/0 | 1.3.6.1.2.1.2.2.1.3.2 = 6 | 1.3.6.1.4.1.9.2.2.1.1.20.2 = administratively down
2025-03-31 17:47:44,UNKNOWN,SNMP_TRAP,trap,,,1.3.6.1.2.1.1.3.0 = 2810938 | 1.3.6.1.6.3.1.1.4.1.0 = 1.3.6.1.4.1.9.9.43.2.0.1 | 1.3.6.1.6.3.18.1.3.0 = 1.0.0.4 | 1.3.6.1.6.3.18.1.4.0 = public | 1.3.6.1.6.3.1.1.4.3.0 = 1.3.6.1.4.1.9.9.43.2 | 1.3.6.1.4.1.9.9.43.1.1.6.1.3.57 = 1 | 1.3.6.1.4.1.9.9.43.1.1.6.1.4.57 = 2 | 1.3.6.1.4.1.9.9.43.1.1.6.1.5.57 = 3
2025-03-31 17:47:45,UNKNOWN,SNMP_TRAP,trap,,,1.3.6.1.2.1.1.3.0 = 2811027 | 1.3.6.1.6.3.1.1.4.1.0 = 1.3.6.1.4.1.9.9.43.2.0.1 | 1.3.6.1.6.3.18.1.3.0 = 1.0.0.4 | 1.3.6.1.6.3.18.1.4.0 = public | 1.3.6.1.6.3.1.1.4.3.0 = 1.3.6.1.4.1.9.9.43.2 | 1.3.6.1.4.1.9.9.43.1.1.6.1.3.58 = 1 | 1.3.6.1.4.1.9.9.43.1.1.6.1.4.58 = 3 | 1.3.6.1.4.1.9.9.43.1.1.6.1.5.58 = 4
2025-03-31 17:47:46,UNKNOWN,SNMP_TRAP,trap,,,"1.3.6.1.2.1.1.3.0 = 2811144 | 1.3.6.1.6.3.1.1.4.1.0 = 1.3.6.1.4.1.9.9.41.2.0.1 | 1.3.6.1.6.3.18.1.3.0 = 1.0.0.4 | 1.3.6.1.6.3.18.1.4.0 = public | 1.3.6.1.6.3.1.1.4.3.0 = 1.3.6.1.4.1.9.9.41.2 | 1.3.6.1.4.1.9.9.41.1.2.3.1.2.23 = LINK | 1.3.6.1.4.1.9.9.41.1.2.3.1.3.23 = 4 | 1.3.6.1.4.1.9.9.41.1.2.3.1.4.23 = UPDOWN | 1.3.6.1.4.1.9.9.41.1.2.3.1.5.23 = Interface FastEthernet1/0, changed state to up | 1.3.6.1.4.1.9.9.41.1.2.3.1.6.23 = 2811142"
2025-03-31 17:47:47,UNKNOWN,SNMP_TRAP,trap,,,1.3.6.1.2.1.1.3.0 = 2811242 | 1.3.6.1.6.3.1.1.4.1.0 = 1.3.6.1.6.3.1.1.5.4 | 1.3.6.1.6.3.18.1.3.0 = 1.0.0.4 | 1.3.6.1.6.3.18.1.4.0 = public | 1.3.6.1.6.3.1.1.4.3.0 = 1.3.6.1.6.3.1.1.5 | 1.3.6.1.2.1.2.2.1.1.2 = 2 | 1.3.6.1.2.1.2.2.1.2.2 = FastEthernet1/0 | 1.3.6.1.2.1.2.2.1.3.2 = 6 | 1.3.6.1.4.1.9.2.2.1.1.20.2 = up
2025-03-31 18:04:32,UNKNOWN,SNMP_TRAP,trap,,,1.3.6.1.2.1.1.3.0 = 2911755 | 1.3.6.1.6.3.1.1.4.1.0 = 1.3.6.1.4.1.9.9.43.2.0.1 | 1.3.6.1.6.3.18.1.3.0 = 1.0.0.4 | 1.3.6.1.6.3.18.1.4.0 = public | 1.3.6.1.6.3.1.1.4.3.0 = 1.3.6.1.4.1.9.9.43.2 | 1.3.6.1.4.1.9.9.43.1.1.6.1.3.59 = 1 | 1.3.6.1.4.1.9.9.43.1.1.6.1.4.59 = 2 | 1.3.6.1.4.1.9.9.43.1.1.6.1.5.59 = 3
2025-03-31 18:04:33,UNKNOWN,SNMP_TRAP,trap,,,1.3.6.1.2.1.1.3.0 = 2911850 | 1.3.6.1.6.3.1.1.4.1.0 = 1.3.6.1.4.1.9.9.43.2.0.1 | 1.3.6.1.6.3.18.1.3.0 = 1.0.0.4 | 1.3.6.1.6.3.18.1.4.0 = public | 1.3.6.1.6.3.1.1.4.3.0 = 1.3.6.1.4.1.9.9.43.2 | 1.3.6.1.4.1.9.9.43.1.1.6.1.3.60 = 1 | 1.3.6.1.4.1.9.9.43.1.1.6.1.4.60 = 3 | 1.3.6.1.4.1.9.9.43.1.1.6.1.5.60 = 4
2025-03-31 18:04:35,UNKNOWN,SNMP_TRAP,trap,,,1.3.6.1.2.1.1.3.0 = 2912059 | 1.3.6.1.6.3.1.1.4.1.0 = 1.3.6.1.6.3.1.1.5.3 | 1.3.6.1.6.3.18.1.3.0 = 1.0.0.4 | 1.3.6.1.6.3.18.1.4.0 = public | 1.3.6.1.6.3.1.1.4.3.0 = 1.3.6.1.6.3.1.1.5 | 1.3.6.1.2.1.2.2.1.1.2 = 2 | 1.3.6.1.2.1.2.2.1.2.2 = FastEthernet1/0 | 1.3.6.1.2.1.2.2.1.3.2 = 6 | 1.3.6.1.4.1.9.2.2.1.1.20.2 = administratively down
2025-03-31 18:05:13,UNKNOWN,SNMP_TRAP,trap,,,1.3.6.1.2.1.1.3.0 = 2915773 | 1.3.6.1.6.3.1.1.4.1.0 = 1.3.6.1.4.1.9.9.43.2.0.1 | 1.3.6.1.6.3.18.1.3.0 = 1.0.0.4 | 1.3.6.1.6.3.18.1.4.0 = public | 1.3.6.1.6.3.1.1.4.3.0 = 1.3.6.1.4.1.9.9.43.2 | 1.3.6.1.4.1.9.9.43.1.1.6.1.3.61 = 1 | 1.3.6.1.4.1.9.9.43.1.1.6.1.4.61 = 2 | 1.3.6.1.4.1.9.9.43.1.1.6.1.5.61 = 3
2025-03-31 18:05:15,UNKNOWN,SNMP_TRAP,trap,,,"1.3.6.1.2.1.1.3.0 = 2915978 | 1.3.6.1.6.3.1.1.4.1.0 = 1.3.6.1.4.1.9.9.41.2.0.1 | 1.3.6.1.6.3.18.1.3.0 = 1.0.0.4 | 1.3.6.1.6.3.18.1.4.0 = public | 1.3.6.1.6.3.1.1.4.3.0 = 1.3.6.1.4.1.9.9.41.2 | 1.3.6.1.4.1.9.9.41.1.2.3.1.2.24 = LINK | 1.3.6.1.4.1.9.9.41.1.2.3.1.3.24 = 4 | 1.3.6.1.4.1.9.9.41.1.2.3.1.4.24 = UPDOWN | 1.3.6.1.4.1.9.9.41.1.2.3.1.5.24 = Interface FastEthernet1/0, changed state to up | 1.3.6.1.4.1.9.9.41.1.2.3.1.6.24 = 2915976"
2025-03-31 18:05:16,UNKNOWN,SNMP_TRAP,trap,,,1.3.6.1.2.1.1.3.0 = 2916076 | 1.3.6.1.6.3.1.1.4.1.0 = 1.3.6.1.6.3.1.1.5.4 | 1.3.6.1.6.3.18.1.3.0 = 1.0.0.4 | 1.3.6.1.6.3.18.1.4.0 = public | 1.3.6.1.6.3.1.1.4.3.0 = 1.3.6.1.6.3.1.1.5 | 1.3.6.1.2.1.2.2.1.1.2 = 2 | 1.3.6.1.2.1.2.2.1.2.2 = FastEthernet1/0 | 1.3.6.1.2.1.2.2.1.3.2 = 6 | 1.3.6.1.4.1.9.2.2.1.1.20.2 = up
2025-03-31 18:31:20,UNKNOWN,SNMP_TRAP,trap,,,1.3.6.1.2.1.1.3.0 = 3072120 | 1.3.6.1.6.3.1.1.4.1.0 = 1.3.6.1.4.1.9.9.43.2.0.1 | 1.3.6.1.6.3.18.1.3.0 = 1.0.0.4 | 1.3.6.1.6.3.18.1.4.0 = public | 1.3.6.1.6.3.1.1.4.3.0 = 1.3.6.1.4.1.9.9.43.2 | 1.3.6.1.4.1.9.9.43.1.1.6.1.3.62 = 1 | 1.3.6.1.4.1.9.9.43.1.1.6.1.4.62 = 2 | 1.3.6.1.4.1.9.9.43.1.1.6.1.5.62 = 3
2025-03-31 18:31:20,UNKNOWN,SNMP_TRAP,trap,,,1.3.6.1.2.1.1.3.0 = 3072205 | 1.3.6.1.6.3.1.1.4.1.0 = 1.3.6.1.4.1.9.9.43.2.0.1 | 1.3.6.1.6.3.18.1.3.0 = 1.0.0.4 | 1.3.6.1.6.3.18.1.4.0 = public | 1.3.6.1.6.3.1.1.4.3.0 = 1.3.6.1.4.1.9.9.43.2 | 1.3.6.1.4.1.9.9.43.1.1.6.1.3.63 = 1 | 1.3.6.1.4.1.9.9.43.1.1.6.1.4.63 = 3 | 1.3.6.1.4.1.9.9.43.1.1.6.1.5.63 = 4
2025-03-31 18:31:21,UNKNOWN,SNMP_TRAP,trap,,,1.3.6.1.2.1.1.3.0 = 3072430 | 1.3.6.1.6.3.1.1.4.1.0 = 1.3.6.1.6.3.1.1.5.3 | 1.3.6.1.6.3.18.1.3.0 = 1.0.0.4 | 1.3.6.1.6.3.18.1.4.0 = public | 1.3.6.1.6.3.1.1.4.3.0 = 1.3.6.1.6.3.1.1.5 | 1.3.6.1.2.1.2.2.1.1.3 = 3 | 1.3.6.1.2.1.2.2.1.2.3 = FastEthernet2/0 | 1.3.6.1.2.1.2.2.1.3.3 = 6 | 1.3.6.1.4.1.9.2.2.1.1.20.3 = administratively down
2025-03-31 18:31:51,UNKNOWN,SNMP_TRAP,trap,,,1.3.6.1.2.1.1.3.0 = 3075512 | 1.3.6.1.6.3.1.1.4.1.0 = 1.3.6.1.4.1.9.9.43.2.0.1 | 1.3.6.1.6.3.18.1.3.0 = 1.0.0.4 | 1.3.6.1.6.3.18.1.4.0 = public | 1.3.6.1.6.3.1.1.4.3.0 = 1.3.6.1.4.1.9.9.43.2 | 1.3.6.1.4.1.9.9.43.1.1.6.1.3.64 = 1 | 1.3.6.1.4.1.9.9.43.1.1.6.1.4.64 = 2 | 1.3.6.1.4.1.9.9.43.1.1.6.1.5.64 = 3
2025-03-31 18:31:51,UNKNOWN,SNMP_TRAP,trap,,,1.3.6.1.2.1.1.3.0 = 3075608 | 1.3.6.1.6.3.1.1.4.1.0 = 1.3.6.1.4.1.9.9.43.2.0.1 | 1.3.6.1.6.3.18.1.3.0 = 1.0.0.4 | 1.3.6.1.6.3.18.1.4.0 = public | 1.3.6.1.6.3.1.1.4.3.0 = 1.3.6.1.4.1.9.9.43.2 | 1.3.6.1.4.1.9.9.43.1.1.6.1.3.65 = 1 | 1.3.6.1.4.1.9.9.43.1.1.6.1.4.65 = 3 | 1.3.6.1.4.1.9.9.43.1.1.6.1.5.65 = 4
2025-03-31 18:31:52,UNKNOWN,SNMP_TRAP,trap,,,"1.3.6.1.2.1.1.3.0 = 3075718 | 1.3.6.1.6.3.1.1.4.1.0 = 1.3.6.1.4.1.9.9.41.2.0.1 | 1.3.6.1.6.3.18.1.3.0 = 1.0.0.4 | 1.3.6.1.6.3.18.1.4.0 = public | 1.3.6.1.6.3.1.1.4.3.0 = 1.3.6.1.4.1.9.9.41.2 | 1.3.6.1.4.1.9.9.41.1.2.3.1.2.25 = LINK | 1.3.6.1.4.1.9.9.41.1.2.3.1.3.25 = 4 | 1.3.6.1.4.1.9.9.41.1.2.3.1.4.25 = UPDOWN | 1.3.6.1.4.1.9.9.41.1.2.3.1.5.25 = Interface FastEthernet2/0, changed state to up | 1.3.6.1.4.1.9.9.41.1.2.3.1.6.25 = 3075716"
2025-03-31 18:31:53,UNKNOWN,SNMP_TRAP,trap,,,1.3.6.1.2.1.1.3.0 = 3075816 | 1.3.6.1.6.3.1.1.4.1.0 = 1.3.6.1.6.3.1.1.5.4 | 1.3.6.1.6.3.18.1.3.0 = 1.0.0.4 | 1.3.6.1.6.3.18.1.4.0 = public | 1.3.6.1.6.3.1.1.4.3.0 = 1.3.6.1.6.3.1.1.5 | 1.3.6.1.2.1.2.2.1.1.3 = 3 | 1.3.6.1.2.1.2.2.1.2.3 = FastEthernet2/0 | 1.3.6.1.2.1.2.2.1.3.3 = 6 | 1.3.6.1.4.1.9.2.2.1.1.20.3 = up
2025-03-31 18:47:39,UNKNOWN,SNMP_TRAP,trap,,,1.3.6.1.2.1.1.3.0 = 3170306 | 1.3.6.1.6.3.1.1.4.1.0 = 1.3.6.1.4.1.9.9.43.2.0.1 | 1.3.6.1.6.3.18.1.3.0 = 1.0.0.4 | 1.3.6.1.6.3.18.1.4.0 = public | 1.3.6.1.6.3.1.1.4.3.0 = 1.3.6.1.4.1.9.9.43.2 | 1.3.6.1.4.1.9.9.43.1.1.6.1.3.66 = 1 | 1.3.6.1.4.1.9.9.43.1.1.6.1.4.66 = 2 | 1.3.6.1.4.1.9.9.43.1.1.6.1.5.66 = 3
2025-03-31 18:47:39,UNKNOWN,SNMP_TRAP,trap,,,1.3.6.1.2.1.1.3.0 = 3170391 | 1.3.6.1.6.3.1.1.4.1.0 = 1.3.6.1.4.1.9.9.43.2.0.1 | 1.3.6.1.6.3.18.1.3.0 = 1.0.0.4 | 1.3.6.1.6.3.18.1.4.0 = public | 1.3.6.1.6.3.1.1.4.3.0 = 1.3.6.1.4.1.9.9.43.2 | 1.3.6.1.4.1.9.9.43.1.1.6.1.3.67 = 1 | 1.3.6.1.4.1.9.9.43.1.1.6.1.4.67 = 3 | 1.3.6.1.4.1.9.9.43.1.1.6.1.5.67 = 4
2025-03-31 18:47:41,UNKNOWN,SNMP_TRAP,trap,,,1.3.6.1.2.1.1.3.0 = 3170610 | 1.3.6.1.6.3.1.1.4.1.0 = 1.3.6.1.6.3.1.1.5.3 | 1.3.6.1.6.3.18.1.3.0 = 1.0.0.4 | 1.3.6.1.6.3.18.1.4.0 = public | 1.3.6.1.6.3.1.1.4.3.0 = 1.3.6.1.6.3.1.1.5 | 1.3.6.1.2.1.2.2.1.1.2 = 2 | 1.3.6.1.2.1.2.2.1.2.2 = FastEthernet1/0 | 1.3.6.1.2.1.2.2.1.3.2 = 6 | 1.3.6.1.4.1.9.2.2.1.1.20.2 = administratively down
2025-03-31 18:48:12,UNKNOWN,SNMP_TRAP,trap,,,1.3.6.1.2.1.1.3.0 = 3173681 | 1.3.6.1.6.3.1.1.4.1.0 = 1.3.6.1.4.1.9.9.43.2.0.1 | 1.3.6.1.6.3.18.1.3.0 = 1.0.0.4 | 1.3.6.1.6.3.18.1.4.0 = public | 1.3.6.1.6.3.1.1.4.3.0 = 1.3.6.1.4.1.9.9.43.2 | 1.3.6.1.4.1.9.9.43.1.1.6.1.3.68 = 1 | 1.3.6.1.4.1.9.9.43.1.1.6.1.4.68 = 2 | 1.3.6.1.4.1.9.9.43.1.1.6.1.5.68 = 3
2025-03-31 18:48:14,UNKNOWN,SNMP_TRAP,trap,,,"1.3.6.1.2.1.1.3.0 = 3173886 | 1.3.6.1.6.3.1.1.4.1.0 = 1.3.6.1.4.1.9.9.41.2.0.1 | 1.3.6.1.6.3.18.1.3.0 = 1.0.0.4 | 1.3.6.1.6.3.18.1.4.0 = public | 1.3.6.1.6.3.1.1.4.3.0 = 1.3.6.1.4.1.9.9.41.2 | 1.3.6.1.4.1.9.9.41.1.2.3.1.2.26 = LINK | 1.3.6.1.4.1.9.9.41.1.2.3.1.3.26 = 4 | 1.3.6.1.4.1.9.9.41.1.2.3.1.4.26 = UPDOWN | 1.3.6.1.4.1.9.9.41.1.2.3.1.5.26 = Interface FastEthernet1/0, changed state to up | 1.3.6.1.4.1.9.9.41.1.2.3.1.6.26 = 3173884"
2025-03-31 18:48:15,UNKNOWN,SNMP_TRAP,trap,,,1.3.6.1.2.1.1.3.0 = 3173985 | 1.3.6.1.6.3.1.1.4.1.0 = 1.3.6.1.6.3.1.1.5.4 | 1.3.6.1.6.3.18.1.3.0 = 1.0.0.4 | 1.3.6.1.6.3.18.1.4.0 = public | 1.3.6.1.6.3.1.1.4.3.0 = 1.3.6.1.6.3.1.1.5 | 1.3.6.1.2.1.2.2.1.1.2 = 2 | 1.3.6.1.2.1.2.2.1.2.2 = FastEthernet1/0 | 1.3.6.1.2.1.2.2.1.3.2 = 6 | 1.3.6.1.4.1.9.2.2.1.1.20.2 = up
2025-03-31 19:17:41,UNKNOWN,SNMP_TRAP,trap,,,1.3.6.1.2.1.1.3.0 = 3349517 | 1.3.6.1.6.3.1.1.4.1.0 = 1.3.6.1.4.1.9.9.43.2.0.1 | 1.3.6.1.6.3.18.1.3.0 = 1.0.0.4 | 1.3.6.1.6.3.18.1.4.0 = public | 1.3.6.1.6.3.1.1.4.3.0 = 1.3.6.1.4.1.9.9.43.2 | 1.3.6.1.4.1.9.9.43.1.1.6.1.3.69 = 1 | 1.3.6.1.4.1.9.9.43.1.1.6.1.4.69 = 3 | 1.3.6.1.4.1.9.9.43.1.1.6.1.5.69 = 4
2025-03-31 19:18:20,UNKNOWN,SNMP_TRAP,trap,,,1.3.6.1.2.1.1.3.0 = 3353434 | 1.3.6.1.6.3.1.1.4.1.0 = 1.3.6.1.4.1.9.9.43.2.0.1 | 1.3.6.1.6.3.18.1.3.0 = 1.0.0.4 | 1.3.6.1.6.3.18.1.4.0 = public | 1.3.6.1.6.3.1.1.4.3.0 = 1.3.6.1.4.1.9.9.43.2 | 1.3.6.1.4.1.9.9.43.1.1.6.1.3.70 = 1 | 1.3.6.1.4.1.9.9.43.1.1.6.1.4.70 = 2 | 1.3.6.1.4.1.9.9.43.1.1.6.1.5.70 = 3
2025-03-31 19:41:53,UNKNOWN,SNMP_TRAP,trap,,,1.3.6.1.2.1.1.3.0 = 3494764 | 1.3.6.1.6.3.1.1.4.1.0 = 1.3.6.1.4.1.9.9.43.2.0.1 | 1.3.6.1.6.3.18.1.3.0 = 1.0.0.4 | 1.3.6.1.6.3.18.1.4.0 = public | 1.3.6.1.6.3.1.1.4.3.0 = 1.3.6.1.4.1.9.9.43.2 | 1.3.6.1.4.1.9.9.43.1.1.6.1.3.71 = 1 | 1.3.6.1.4.1.9.9.43.1.1.6.1.4.71 = 2 | 1.3.6.1.4.1.9.9.43.1.1.6.1.5.71 = 3
2025-03-31 19:41:54,UNKNOWN,SNMP_TRAP,trap,,,1.3.6.1.2.1.1.3.0 = 3494868 | 1.3.6.1.6.3.1.1.4.1.0 = 1.3.6.1.4.1.9.9.43.2.0.1 | 1.3.6.1.6.3.18.1.3.0 = 1.0.0.4 | 1.3.6.1.6.3.18.1.4.0 = public | 1.3.6.1.6.3.1.1.4.3.0 = 1.3.6.1.4.1.9.9.43.2 | 1.3.6.1.4.1.9.9.43.1.1.6.1.3.72 = 1 | 1.3.6.1.4.1.9.9.43.1.1.6.1.4.72 = 3 | 1.3.6.1.4.1.9.9.43.1.1.6.1.5.72 = 4
2025-03-31 19:41:56,UNKNOWN,SNMP_TRAP,trap,,,1.3.6.1.2.1.1.3.0 = 3495076 | 1.3.6.1.6.3.1.1.4.1.0 = 1.3.6.1.6.3.1.1.5.3 | 1.3.6.1.6.3.18.1.3.0 = 1.0.0.4 | 1.3.6.1.6.3.18.1.4.0 = public | 1.3.6.1.6.3.1.1.4.3.0 = 1.3.6.1.6.3.1.1.5 | 1.3.6.1.2.1.2.2.1.1.2 = 2 | 1.3.6.1.2.1.2.2.1.2.2 = FastEthernet1/0 | 1.3.6.1.2.1.2.2.1.3.2 = 6 | 1.3.6.1.4.1.9.2.2.1.1.20.2 = administratively down
2025-03-31 19:42:17,UNKNOWN,SNMP_TRAP,trap,,,1.3.6.1.2.1.1.3.0 = 3497167 | 1.3.6.1.6.3.1.1.4.1.0 = 1.3.6.1.4.1.9.9.43.2.0.1 | 1.3.6.1.6.3.18.1.3.0 = 1.0.0.4 | 1.3.6.1.6.3.18.1.4.0 = public | 1.3.6.1.6.3.1.1.4.3.0 = 1.3.6.1.4.1.9.9.43.2 | 1.3.6.1.4.1.9.9.43.1.1.6.1.3.73 = 1 | 1.3.6.1.4.1.9.9.43.1.1.6.1.4.73 = 2 | 1.3.6.1.4.1.9.9.43.1.1.6.1.5.73 = 3
2025-03-31 19:42:19,UNKNOWN,SNMP_TRAP,trap,,,"1.3.6.1.2.1.1.3.0 = 3497372 | 1.3.6.1.6.3.1.1.4.1.0 = 1.3.6.1.4.1.9.9.41.2.0.1 | 1.3.6.1.6.3.18.1.3.0 = 1.0.0.4 | 1.3.6.1.6.3.18.1.4.0 = public | 1.3.6.1.6.3.1.1.4.3.0 = 1.3.6.1.4.1.9.9.41.2 | 1.3.6.1.4.1.9.9.41.1.2.3.1.2.27 = LINK | 1.3.6.1.4.1.9.9.41.1.2.3.1.3.27 = 4 | 1.3.6.1.4.1.9.9.41.1.2.3.1.4.27 = UPDOWN | 1.3.6.1.4.1.9.9.41.1.2.3.1.5.27 = Interface FastEthernet1/0, changed state to up | 1.3.6.1.4.1.9.9.41.1.2.3.1.6.27 = 3497370"
2025-03-31 19:42:20,UNKNOWN,SNMP_TRAP,trap,,,1.3.6.1.2.1.1.3.0 = 3497470 | 1.3.6.1.6.3.1.1.4.1.0 = 1.3.6.1.6.3.1.1.5.4 | 1.3.6.1.6.3.18.1.3.0 = 1.0.0.4 | 1.3.6.1.6.3.18.1.4.0 = public | 1.3.6.1.6.3.1.1.4.3.0 = 1.3.6.1.6.3.1.1.5 | 1.3.6.1.2.1.2.2.1.1.2 = 2 | 1.3.6.1.2.1.2.2.1.2.2 = FastEthernet1/0 | 1.3.6.1.2.1.2.2.1.3.2 = 6 | 1.3.6.1.4.1.9.2.2.1.1.20.2 = up
2025-03-31 20:00:41,UNKNOWN,SNMP_TRAP,trap,,,1.3.6.1.2.1.1.3.0 = 3607566 | 1.3.6.1.6.3.1.1.4.1.0 = 1.3.6.1.4.1.9.9.43.2.0.1 | 1.3.6.1.6.3.18.1.3.0 = 1.0.0.4 | 1.3.6.1.6.3.18.1.4.0 = public | 1.3.6.1.6.3.1.1.4.3.0 = 1.3.6.1.4.1.9.9.43.2 | 1.3.6.1.4.1.9.9.43.1.1.6.1.3.74 = 1 | 1.3.6.1.4.1.9.9.43.1.1.6.1.4.74 = 3 | 1.3.6.1.4.1.9.9.43.1.1.6.1.5.74 = 4
2025-03-31 20:00:43,UNKNOWN,SNMP_TRAP,trap,,,1.3.6.1.2.1.1.3.0 = 3607799 | 1.3.6.1.6.3.1.1.4.1.0 = 1.3.6.1.6.3.1.1.5.3 | 1.3.6.1.6.3.18.1.3.0 = 1.0.0.4 | 1.3.6.1.6.3.18.1.4.0 = public | 1.3.6.1.6.3.1.1.4.3.0 = 1.3.6.1.6.3.1.1.5 | 1.3.6.1.2.1.2.2.1.1.2 = 2 | 1.3.6.1.2.1.2.2.1.2.2 = FastEthernet1/0 | 1.3.6.1.2.1.2.2.1.3.2 = 6 | 1.3.6.1.4.1.9.2.2.1.1.20.2 = administratively down
2025-03-31 20:01:14,UNKNOWN,SNMP_TRAP,trap,,,1.3.6.1.2.1.1.3.0 = 3610912 | 1.3.6.1.6.3.1.1.4.1.0 = 1.3.6.1.4.1.9.9.43.2.0.1 | 1.3.6.1.6.3.18.1.3.0 = 1.0.0.4 | 1.3.6.1.6.3.18.1.4.0 = public | 1.3.6.1.6.3.1.1.4.3.0 = 1.3.6.1.4.1.9.9.43.2 | 1.3.6.1.4.1.9.9.43.1.1.6.1.3.75 = 1 | 1.3.6.1.4.1.9.9.43.1.1.6.1.4.75 = 2 | 1.3.6.1.4.1.9.9.43.1.1.6.1.5.75 = 3
2025-03-31 20:01:16,UNKNOWN,SNMP_TRAP,trap,,,"1.3.6.1.2.1.1.3.0 = 3611118 | 1.3.6.1.6.3.1.1.4.1.0 = 1.3.6.1.4.1.9.9.41.2.0.1 | 1.3.6.1.6.3.18.1.3.0 = 1.0.0.4 | 1.3.6.1.6.3.18.1.4.0 = public | 1.3.6.1.6.3.1.1.4.3.0 = 1.3.6.1.4.1.9.9.41.2 | 1.3.6.1.4.1.9.9.41.1.2.3.1.2.28 = LINK | 1.3.6.1.4.1.9.9.41.1.2.3.1.3.28 = 4 | 1.3.6.1.4.1.9.9.41.1.2.3.1.4.28 = UPDOWN | 1.3.6.1.4.1.9.9.41.1.2.3.1.5.28 = Interface FastEthernet1/0, changed state to up | 1.3.6.1.4.1.9.9.41.1.2.3.1.6.28 = 3611116"
2025-03-31 20:01:17,UNKNOWN,SNMP_TRAP,trap,,,1.3.6.1.2.1.1.3.0 = 3611216 | 1.3.6.1.6.3.1.1.4.1.0 = 1.3.6.1.6.3.1.1.5.4 | 1.3.6.1.6.3.18.1.3.0 = 1.0.0.4 | 1.3.6.1.6.3.18.1.4.0 = public | 1.3.6.1.6.3.1.1.4.3.0 = 1.3.6.1.6.3.1.1.5 | 1.3.6.1.2.1.2.2.1.1.2 = 2 | 1.3.6.1.2.1.2.2.1.2.2 = FastEthernet1/0 | 1.3.6.1.2.1.2.2.1.3.2 = 6 | 1.3.6.1.4.1.9.2.2.1.1.20.2 = up
2025-03-31 20:18:29,UNKNOWN,SNMP_TRAP,trap,,,1.3.6.1.2.1.1.3.0 = 3714187 | 1.3.6.1.6.3.1.1.4.1.0 = 1.3.6.1.4.1.9.9.43.2.0.1 | 1.3.6.1.6.3.18.1.3.0 = 1.0.0.4 | 1.3.6.1.6.3.18.1.4.0 = public | 1.3.6.1.6.3.1.1.4.3.0 = 1.3.6.1.4.1.9.9.43.2 | 1.3.6.1.4.1.9.9.43.1.1.6.1.3.76 = 1 | 1.3.6.1.4.1.9.9.43.1.1.6.1.4.76 = 2 | 1.3.6.1.4.1.9.9.43.1.1.6.1.5.76 = 3
2025-03-31 20:18:29,UNKNOWN,SNMP_TRAP,trap,,,1.3.6.1.2.1.1.3.0 = 3714274 | 1.3.6.1.6.3.1.1.4.1.0 = 1.3.6.1.4.1.9.9.43.2.0.1 | 1.3.6.1.6.3.18.1.3.0 = 1.0.0.4 | 1.3.6.1.6.3.18.1.4.0 = public | 1.3.6.1.6.3.1.1.4.3.0 = 1.3.6.1.4.1.9.9.43.2 | 1.3.6.1.4.1.9.9.43.1.1.6.1.3.77 = 1 | 1.3.6.1.4.1.9.9.43.1.1.6.1.4.77 = 3 | 1.3.6.1.4.1.9.9.43.1.1.6.1.5.77 = 4
2025-03-31 20:18:30,UNKNOWN,SNMP_TRAP,trap,,,1.3.6.1.2.1.1.3.0 = 3714496 | 1.3.6.1.6.3.1.1.4.1.0 = 1.3.6.1.6.3.1.1.5.3 | 1.3.6.1.6.3.18.1.3.0 = 1.0.0.4 | 1.3.6.1.6.3.18.1.4.0 = public | 1.3.6.1.6.3.1.1.4.3.0 = 1.3.6.1.6.3.1.1.5 | 1.3.6.1.2.1.2.2.1.1.2 = 2 | 1.3.6.1.2.1.2.2.1.2.2 = FastEthernet1/0 | 1.3.6.1.2.1.2.2.1.3.2 = 6 | 1.3.6.1.4.1.9.2.2.1.1.20.2 = administratively down
2025-03-31 20:18:57,UNKNOWN,SNMP_TRAP,trap,,,1.3.6.1.2.1.1.3.0 = 3717190 | 1.3.6.1.6.3.1.1.4.1.0 = 1.3.6.1.4.1.9.9.43.2.0.1 | 1.3.6.1.6.3.18.1.3.0 = 1.0.0.4 | 1.3.6.1.6.3.18.1.4.0 = public | 1.3.6.1.6.3.1.1.4.3.0 = 1.3.6.1.4.1.9.9.43.2 | 1.3.6.1.4.1.9.9.43.1.1.6.1.3.78 = 1 | 1.3.6.1.4.1.9.9.43.1.1.6.1.4.78 = 2 | 1.3.6.1.4.1.9.9.43.1.1.6.1.5.78 = 3
2025-03-31 20:18:59,UNKNOWN,SNMP_TRAP,trap,,,"1.3.6.1.2.1.1.3.0 = 3717395 | 1.3.6.1.6.3.1.1.4.1.0 = 1.3.6.1.4.1.9.9.41.2.0.1 | 1.3.6.1.6.3.18.1.3.0 = 1.0.0.4 | 1.3.6.1.6.3.18.1.4.0 = public | 1.3.6.1.6.3.1.1.4.3.0 = 1.3.6.1.4.1.9.9.41.2 | 1.3.6.1.4.1.9.9.41.1.2.3.1.2.29 = LINK | 1.3.6.1.4.1.9.9.41.1.2.3.1.3.29 = 4 | 1.3.6.1.4.1.9.9.41.1.2.3.1.4.29 = UPDOWN | 1.3.6.1.4.1.9.9.41.1.2.3.1.5.29 = Interface FastEthernet1/0, changed state to up | 1.3.6.1.4.1.9.9.41.1.2.3.1.6.29 = 3717393"
2025-03-31 20:19:00,UNKNOWN,SNMP_TRAP,trap,,,1.3.6.1.2.1.1.3.0 = 3717493 | 1.3.6.1.6.3.1.1.4.1.0 = 1.3.6.1.6.3.1.1.5.4 | 1.3.6.1.6.3.18.1.3.0 = 1.0.0.4 | 1.3.6.1.6.3.18.1.4.0 = public | 1.3.6.1.6.3.1.1.4.3.0 = 1.3.6.1.6.3.1.1.5 | 1.3.6.1.2.1.2.2.1.1.2 = 2 | 1.3.6.1.2.1.2.2.1.2.2 = FastEthernet1/0 | 1.3.6.1.2.1.2.2.1.3.2 = 6 | 1.3.6.1.4.1.9.2.2.1.1.20.2 = up
